,precision,recall,f1-score,support
negative,0.9447432762836185,0.9747729566094854,0.9595232182766327,1982.0
neutral,0.9488847583643123,0.9384191176470589,0.9436229205175601,1088.0
positive,0.9700166574125486,0.943304535637149,0.956474130851355,1852.0
accuracy,0.9548963835839089,0.9548963835839089,0.9548963835839089,0.9548963835839089
macro avg,0.9545482306868265,0.952165536631231,0.9532067565485159,4922.0
weighted avg,0.9551683543727232,0.9548963835839089,0.9548612040804755,4922.0
