,precision,recall,f1-score,support
negative,0.9186991869918699,0.855196770938446,0.8858113404755683,1982.0
neutral,0.805699481865285,0.8575367647058824,0.8308103294746215,1088.0
positive,0.7717561229807192,0.7996760259179265,0.7854680456112438,1852.0
accuracy,0.8348232425843153,0.8348232425843153,0.8348232425843153,0.8348232425843153
macro avg,0.8320515972792913,0.8374698538540851,0.8340299051871446,4922.0
weighted avg,0.8384305495017488,0.8348232425843153,0.8358973051123505,4922.0
