,precision,recall,f1-score,support
negative,0.9357177380376994,0.9767911200807265,0.9558133794124908,1982.0
neutral,0.9276672694394213,0.9430147058823529,0.935278030993619,1088.0
positive,0.9622209502003435,0.9076673866090713,0.9341483745484858,1852.0
accuracy,0.9433157253149126,0.9433157253149126,0.9433157253149126,0.9433157253149126
macro avg,0.9418686525591548,0.9424910708573836,0.9417465949848651,4922.0
weighted avg,0.9439105537813586,0.9433157253149126,0.943122187196345,4922.0
