,precision,recall,f1-score,support
negative,0.9114219114219114,0.986377396569122,0.9474194330021807,1982.0
neutral,0.9582947173308619,0.9503676470588235,0.9543147208121827,1088.0
positive,0.9829210836277974,0.9011879049676026,0.940281690140845,1852.0
accuracy,0.9463632669646486,0.9463632669646486,0.9463632669646486,0.9463632669646486
macro avg,0.9508792374601902,0.9459776495318494,0.9473386146517361,4922.0
weighted avg,0.9486860479018462,0.9463632669646486,0.9462579078819224,4922.0
