,precision,recall,f1-score,support
negative,0.9133301931229393,0.9783047426841575,0.9447015834348356,1982.0
neutral,0.9239033124440466,0.9485294117647058,0.9360544217687075,1088.0
positive,0.9887039239001189,0.8979481641468683,0.9411431805319751,1852.0
accuracy,0.9414872003250712,0.9414872003250712,0.9414872003250712,0.9414872003250712
macro avg,0.9419791431557015,0.9415941061985773,0.9406330619118394,4922.0
weighted avg,0.9440282230336874,0.9414872003250712,0.941451222998256,4922.0
