,precision,recall,f1-score,support
negative,0.971957936905358,0.979313824419778,0.9756220155818045,1982.0
neutral,0.9776119402985075,0.9632352941176471,0.9703703703703703,1088.0
positive,0.9724770642201835,0.9730021598272138,0.9727395411605938,1852.0
accuracy,0.97338480292564,0.97338480292564,0.97338480292564,0.97338480292564
macro avg,0.9740156471413496,0.9718504261215463,0.9729106423709228,4922.0
weighted avg,0.9734030769863828,0.97338480292564,0.9733765599503289,4922.0
