,precision,recall,f1-score,support
negative,0.9805664356733956,0.9214326160815403,0.9500802802510583,7064.0
neutral,0.9810972143263218,0.972938689217759,0.9770009199632015,7095.0
positive,0.9202044025157232,0.9826500629634812,0.9504025982813451,7147.0
accuracy,0.9591194968553459,0.9591194968553459,0.9591194968553459,0.9591194968553459
macro avg,0.9606226841718136,0.9590071227542601,0.9591612661652015,21306.0
weighted avg,0.9604950202770108,0.9591194968553459,0.9591531022598876,21306.0
