,precision,recall,f1-score,support
negative,0.9564729008705419,0.964326160815402,0.9603834766671365,7064.0
neutral,0.98696648524778,0.9712473572938689,0.9790438303615826,7095.0
positive,0.9575118022771453,0.9648803693857563,0.9611819638999234,7147.0
accuracy,0.9668168591007228,0.9668168591007228,0.9668168591007228,0.9668168591007228
macro avg,0.9669837294651558,0.9668179624983423,0.9668697569762141,21306.0
weighted avg,0.9669759051655527,0.9668168591007228,0.9668653126623878,21306.0
