,precision,recall,f1-score,support
negative,0.9446778711484594,0.9572807266534203,0.9509375440575215,7046.0
neutral,0.9857666290868095,0.9719327497568432,0.978800811586091,7197.0
positive,0.9516265912305516,0.9525697295766672,0.9520979268378971,7063.0
accuracy,0.9606683563315498,0.9606683563315498,0.9606683563315498,0.9606683563315498
macro avg,0.9606903638219402,0.9605944019956435,0.9606120941605032,21306.0
weighted avg,0.9608608525068618,0.9606683563315498,0.9607342079071839,21306.0
