,precision,recall,f1-score,support
negative,0.9436074637180373,0.9664496036240091,0.954891950486048,7064.0
neutral,0.9833948339483395,0.9766032417195208,0.9799872710557952,7095.0
positive,0.9638434163701067,0.9473905135021687,0.9555461473327689,7147.0
accuracy,0.9634375293344598,0.9634375293344598,0.9634375293344598,0.9634375293344598
macro avg,0.9636152380121611,0.963481119615233,0.963475122958204,21306.0
weighted avg,0.963644906006047,0.9634375293344598,0.9634682597090777,21306.0
