,precision,recall,f1-score,support
negative,0.9406279994515289,0.9686529229031348,0.9544347826086957,7082.0
neutral,0.9809096013475576,0.9798093101514301,0.9803591470258136,7132.0
positive,0.9689359849034693,0.9412013536379019,0.9548673199341965,7092.0
accuracy,0.9632497887918896,0.9632497887918896,0.9632497887918896,0.9632497887918896
macro avg,0.9634911952341852,0.9632211955641555,0.963220416522902,21306.0
weighted avg,0.9635346275162824,0.9632497887918896,0.9632567164177324,21306.0
