,precision,recall,f1-score,support
negative,0.9126534466477809,0.9887468030690537,0.9491775104345691,1955.0
neutral,0.9685185185185186,0.947463768115942,0.9578754578754578,1104.0
positive,0.9779582366589327,0.9049919484702094,0.940061332589908,1863.0
accuracy,0.9477854530678586,0.9477854530678586,0.9477854530678586,0.9477854530678586
macro avg,0.9530434006084106,0.947067506551735,0.9490381002999784,4922.0
weighted avg,0.949902098239831,0.9477854530678586,0.9476779360034714,4922.0
