,precision,recall,f1-score,support
negative,0.9310924369747899,0.9372620893838997,0.9341670765123306,7093.0
neutral,0.9714569724510083,0.9681573733371073,0.9698043663169833,7066.0
positive,0.9378158338012352,0.9347978172659858,0.9363043935253312,7147.0
accuracy,0.9466816859100723,0.9466816859100723,0.9466816859100723,0.9466816859100723
macro avg,0.9467884144090112,0.9467390933289975,0.9467586121182151,21306.0
weighted avg,0.9467344122302843,0.9466816859100723,0.9467029112279783,21306.0
