,precision,recall,f1-score,support
negative,0.9444168734491315,0.9763981528989225,0.9601412714429869,1949.0
neutral,0.9691749773345422,0.9544642857142858,0.9617633828160144,1120.0
positive,0.9717294900221729,0.9460334592552617,0.9587093245829915,1853.0
accuracy,0.9599756196668021,0.9599756196668021,0.9599756196668021,0.9599756196668021
macro avg,0.9617737802686155,0.95896529928949,0.9602046596139976,4922.0
weighted avg,0.9603330365660566,0.9599756196668021,0.9599712932240148,4922.0
