,precision,recall,f1-score,support
negative,0.9553571428571429,0.9503736077823206,0.9528588592833416,7093.0
neutral,0.9873472322070453,0.971836965751486,0.9795307039440839,7066.0
positive,0.9437971213159698,0.9633412620680005,0.9534690486082259,7147.0
accuracy,0.9618417347226134,0.9618417347226134,0.9618417347226134,0.9618417347226134
macro avg,0.9621671654600527,0.9618506118672691,0.9619528706118837,21306.0
weighted avg,0.9620886972264119,0.9618417347226134,0.961909092901935,21306.0
