,precision,recall,f1-score,support
negative,0.9629359404640303,0.9365597502128867,0.949564716886107,7046.0
neutral,0.9828023681984775,0.968736973739058,0.9757189839759289,7197.0
positive,0.9313765457263216,0.9704091745717117,0.9504923034253225,7063.0
accuracy,0.9586501454989205,0.9586501454989205,0.9586501454989205,0.9586501454989205
macro avg,0.9590382847962765,0.9585686328412187,0.9585920014291194,21306.0
weighted avg,0.9591846345113588,0.9586501454989205,0.9587069211464997,21306.0
