,precision,recall,f1-score,support
negative,0.9375,0.9729315628192032,0.9548872180451128,1958.0
neutral,0.9588122605363985,0.927710843373494,0.9430051813471503,1079.0
positive,0.9393282773564464,0.919893899204244,0.9295095148753685,1885.0
accuracy,0.9427062169849655,0.9427062169849655,0.9427062169849655,0.9427062169849655
macro avg,0.9452135126309482,0.9401787684656471,0.9424673047558771,4922.0
weighted avg,0.9428722535423967,0.9427062169849655,0.9425634293266915,4922.0
