,precision,recall,f1-score,support
negative,0.9167659123991002,0.9782547303021746,0.9465127399412528,7082.0
neutral,0.9879347054648687,0.975883342680875,0.9818720462721309,7132.0
positive,0.9741945107398569,0.9208967851099831,0.9467961728037112,7092.0
accuracy,0.9583685346850652,0.9583685346850652,0.9583685346850652,0.9583685346850652
macro avg,0.9596317095346086,0.9583449526976775,0.9583936530056983,21306.0
weighted avg,0.9597049648527615,0.9583685346850652,0.9584433077912657,21306.0
