,precision,recall,f1-score,support
negative,0.9653767820773931,0.9683350357507661,0.9668536460989291,1958.0
neutral,0.936,0.9759036144578314,0.9555353901996371,1079.0
positive,0.9814511729405346,0.9543766578249336,0.9677245831091985,1885.0
accuracy,0.9646485168630637,0.9646485168630637,0.9646485168630637,0.9646485168630637
macro avg,0.9609426516726426,0.9662051026778437,0.9633712064692549,4922.0
weighted avg,0.9650928891305247,0.9646485168630637,0.9647060065517981,4922.0
