,precision,recall,f1-score,support
negative,0.9589457678661936,0.9677749360613811,0.9633401221995926,1955.0
neutral,0.9337919174548581,0.9836956521739131,0.9580943978826644,1104.0
positive,0.9792833146696529,0.9388083735909822,0.9586187996711427,1863.0
accuracy,0.9603819585534336,0.9603819585534336,0.9603819585534336,0.9603819585534336
macro avg,0.9573403333302348,0.9634263206087589,0.9600177732511331,4922.0
weighted avg,0.9610016392275772,0.9603819585534336,0.9603764684985786,4922.0
