,precision,recall,f1-score,support
negative,0.9824281150159745,0.9408465068842428,0.9611878093253452,1961.0
neutral,0.9345391903531438,0.9757194244604317,0.9546854377474703,1112.0
positive,0.9532660647902284,0.9707950243374798,0.9619506966773849,1849.0
accuracy,0.9599756196668021,0.9599756196668021,0.9599756196668021,0.9599756196668021
macro avg,0.9567444567197821,0.9624536518940515,0.9592746479167334,4922.0
weighted avg,0.9606538128842247,0.9599756196668021,0.9600053512837614,4922.0
