,precision,recall,f1-score,support
negative,0.9633587786259542,0.9682864450127877,0.9658163265306123,1955.0
neutral,0.9074852817493693,0.9773550724637681,0.9411251635412123,1104.0
positive,0.9819004524886877,0.9318303811057435,0.956210410355274,1863.0
accuracy,0.9565217391304348,0.9565217391304348,0.9565217391304348,0.9565217391304348
macro avg,0.9509148376213371,0.959157299527433,0.9543839668090328,4922.0
weighted avg,0.957844515695138,0.9565217391304348,0.9566422375881188,4922.0
