,precision,recall,f1-score,support
negative,0.9577677224736049,0.9774243201641868,0.9674961909598782,1949.0
neutral,0.9403630077787382,0.9714285714285714,0.9556433904259991,1120.0
positive,0.9802927927927928,0.9395574743658931,0.9594929732708736,1853.0
accuracy,0.9618041446566437,0.9618041446566437,0.9618041446566437,0.9618041446566437
macro avg,0.9594745076817119,0.9628034553195505,0.960877518218917,4922.0
weighted avg,0.9622873638476813,0.9618041446566437,0.9617860936466579,4922.0
