,precision,recall,f1-score,support
negative,0.9404878048780487,0.9727547931382442,0.9563492063492064,1982.0
neutral,0.9801980198019802,0.9099264705882353,0.9437559580552908,1088.0
positive,0.9339419978517723,0.9389848812095032,0.9364566505115779,1852.0
accuracy,0.9461600975213328,0.9461600975213328,0.9461600975213328,0.9461600975213328
macro avg,0.9515426075106004,0.9405553816453276,0.945520604972025,4922.0
weighted avg,0.946802692977312,0.9461600975213328,0.9460805213522401,4922.0
