,precision,recall,f1-score,support
negative,0.9473945409429281,0.9764705882352941,0.9617128463476071,1955.0
neutral,0.9714285714285714,0.9547101449275363,0.9629968021927822,1104.0
positive,0.9698133918770582,0.9484702093397746,0.959023066485753,1863.0
accuracy,0.9609914668833808,0.9609914668833808,0.9609914668833808,0.9609914668833808
macro avg,0.9628788347495192,0.9598836475008682,0.9612442383420475,4922.0
weighted avg,0.9612709913587011,0.9609914668833808,0.9609827421969446,4922.0
