,precision,recall,f1-score,support
negative,0.952755905511811,0.9767911200807265,0.9646238166417538,1982.0
neutral,0.9512867647058824,0.9512867647058824,0.9512867647058824,1088.0
positive,0.9678135405105438,0.9416846652267818,0.9545703338806787,1852.0
accuracy,0.9579439252336449,0.9579439252336449,0.9579439252336449,0.9579439252336449
macro avg,0.957285403576079,0.9565875166711303,0.9568269717427715,4922.0
weighted avg,0.9580968877996621,0.9579439252336449,0.9578928612212461,4922.0
