,precision,recall,f1-score,support
negative,0.9456055363321799,0.9671574178935447,0.9562600601861572,7064.0
neutral,0.9860199714693295,0.9742071881606765,0.9800779865295994,7095.0
positive,0.9637957856031679,0.9535469427731915,0.958643972429315,7147.0
accuracy,0.9649394536750211,0.9649394536750211,0.9649394536750211,0.9649394536750211
macro avg,0.9651404311348925,0.9649705162758041,0.9649940063816906,21306.0
weighted avg,0.9651655724176876,0.9649394536750211,0.9649912161144671,21306.0
