,precision,recall,f1-score,support
negative,0.9674754775425917,0.9585677749360614,0.9630010277492291,1955.0
neutral,0.9180050718512257,0.9836956521739131,0.94971578487101,1104.0
positive,0.974472807991121,0.942565754159957,0.9582537517053206,1863.0
accuracy,0.9581470946769606,0.9581470946769606,0.9581470946769606,0.9581470946769606
macro avg,0.9533177857949795,0.9616097270899772,0.95699018810852,4922.0
weighted avg,0.9590278340526164,0.9581470946769606,0.958224294021607,4922.0
