,precision,recall,f1-score,support
negative,0.955108359133127,0.963241555492478,0.9591577162238553,7046.0
neutral,0.9862243463592916,0.9748506322078644,0.9805045070225701,7197.0
positive,0.9590742308777872,0.9621973665581198,0.9606332603010815,7063.0
accuracy,0.9668168591007228,0.9668168591007228,0.9668168591007228,0.9668168591007228
macro avg,0.9668023121234018,0.9667631847528207,0.9667651611825022,21306.0
weighted avg,0.9669337938557048,0.9668168591007228,0.9668576421224658,21306.0
