,precision,recall,f1-score,support
negative,0.9724770642201835,0.918918918918919,0.9449396958573676,1961.0
neutral,0.8739837398373984,0.966726618705036,0.9180187873612297,1112.0
positive,0.9075584556824361,0.9026500811249324,0.9050976138828634,1849.0
accuracy,0.9236082893132873,0.9236082893132873,0.9236082893132873,0.9236082893132873
macro avg,0.9180064199133393,0.9294318729162958,0.9226853657004869,4922.0
weighted avg,0.9258376729361624,0.9236082893132873,0.9238905166987809,4922.0
