,precision,recall,f1-score,support
negative,0.9335758555645378,0.9783959333521604,0.9554605626034197,7082.0
neutral,0.9870573175935144,0.9730790802019069,0.9800183576925793,7132.0
positive,0.974025974025974,0.9412013536379019,0.9573323771961277,7092.0
accuracy,0.964235426640383,0.964235426640383,0.964235426640383,0.964235426640383
macro avg,0.9648863823946755,0.9642254557306563,0.9642704324973757,21306.0
weighted avg,0.9649427018669486,0.964235426640383,0.9643041326619652,21306.0
