,precision,recall,f1-score,support
negative,0.9644904235984901,0.9597941012799109,0.9621365316226204,7188.0
neutral,0.9864227526082607,0.9727977448907682,0.9795628725518025,7095.0
positive,0.9517887087758524,0.969813470027054,0.9607165526482827,7023.0
accuracy,0.9674270158640759,0.9674270158640759,0.9674270158640759,0.9674270158640759
macro avg,0.967567294994201,0.9674684387325777,0.9674719856075685,21306.0
weighted avg,0.9676071855962812,0.9674270158640759,0.9674715253593976,21306.0
