,precision,recall,f1-score,support
negative,0.9713541666666666,0.956900974858902,0.9640734039803567,1949.0
neutral,0.9479618386816999,0.9758928571428571,0.9617245930488342,1120.0
positive,0.9621416982152515,0.9600647598488937,0.9611021069692058,1853.0
accuracy,0.9624136529865908,0.9624136529865908,0.9624136529865908,0.9624136529865908
macro avg,0.9604859011878727,0.9642861972835509,0.9623000346661322,4922.0
weighted avg,0.9625630022246441,0.9624136529865908,0.9624203195421267,4922.0
