,precision,recall,f1-score,support
negative,0.9447731755424064,0.9800511508951406,0.962088877730354,1955.0
neutral,0.9619909502262444,0.9628623188405797,0.9624264373019467,1104.0
positive,0.9826718837339296,0.9436392914653784,0.9627601314348302,1863.0
accuracy,0.9624136529865908,0.9624136529865908,0.9624136529865908,0.9624136529865908
macro avg,0.9631453365008601,0.9621842537336995,0.9624251488223768,4922.0
weighted avg,0.9629799444598719,0.9624136529865908,0.9624186646906299,4922.0
