,precision,recall,f1-score,support
negative,0.9498771498771499,0.9752774974772956,0.9624097585262633,1982.0
neutral,0.9413357400722022,0.9586397058823529,0.9499089253187615,1088.0
positive,0.9797639123102867,0.9411447084233261,0.9600660974938034,1852.0
accuracy,0.9587566030069078,0.9587566030069078,0.9587566030069078,0.9587566030069078
macro avg,0.9569922674198796,0.9583539705943248,0.9574615937796094,4922.0
weighted avg,0.9592345716890934,0.9587566030069078,0.9587646210289293,4922.0
