,precision,recall,f1-score,support
negative,0.9402798946930858,0.9571227080394923,0.9486265464457958,7090.0
neutral,0.9886845827439887,0.977075761811574,0.9828458942632172,7154.0
positive,0.9535546374127368,0.9477485131690739,0.9506427100347986,7062.0
accuracy,0.9607152914671924,0.9607152914671924,0.9607152914671924,0.9607152914671924
macro avg,0.9608397049499371,0.9606489943400467,0.9607050502479373,21306.0
weighted avg,0.9609329206670996,0.9607152914671924,0.9607847817575094,21306.0
