,precision,recall,f1-score,support
negative,0.9661140197789413,0.9365571690398985,0.9511060204739065,7093.0
neutral,0.9859377242072034,0.9724030568921597,0.979123619522622,7066.0
positive,0.9327167939954429,0.9736952567510844,0.9527656078860897,7147.0
accuracy,0.9609030320097625,0.9609030320097625,0.9609030320097625,0.9609030320097625
macro avg,0.9615895126605292,0.9608851608943808,0.9609984159608728,21306.0
weighted avg,0.9614854795938028,0.9609030320097625,0.9609545807908639,21306.0
