,precision,recall,f1-score,support
negative,0.9272408207343412,0.9748793641782572,0.9504635395046355,7046.0
neutral,0.985053581500282,0.9706822287064054,0.977815102526419,7197.0
positive,0.9717895974140465,0.9364292793430553,0.9537818155598817,7063.0
accuracy,0.9607152914671924,0.9607152914671924,0.9607152914671924,0.9607152914671924
macro avg,0.9613613332162232,0.9606636240759059,0.9606868191969787,21306.0
weighted avg,0.9615375657320523,0.9607152914671924,0.9608027013766894,21306.0
