,precision,recall,f1-score,support
negative,0.9365122990243232,0.9672154413851831,0.9516162815052713,7046.0
neutral,0.9863399521194198,0.9731832708072808,0.979717442999021,7197.0
positive,0.961027713625866,0.9426589268016423,0.9517546994496461,7063.0
accuracy,0.9610907725523327,0.9610907725523327,0.9610907725523327,0.9610907725523327
macro avg,0.9612933215898697,0.9610192129980355,0.9610294746513128,21306.0
weighted avg,0.9614706202791861,0.9610907725523327,0.9611545198048881,21306.0
