,precision,recall,f1-score,support
negative,0.9830148619957537,0.9502308876346844,0.9663448995564832,1949.0
neutral,0.966282165039929,0.9723214285714286,0.9692923898531376,1120.0
positive,0.945054945054945,0.974635725849973,0.9596174282678003,1853.0
accuracy,0.9644453474197481,0.9644453474197481,0.9644453474197481,0.9644453474197481
macro avg,0.9647839906968759,0.9657293473520286,0.9650849058924736,4922.0
weighted avg,0.9649164575500321,0.9644453474197481,0.9644828891611812,4922.0
