,precision,recall,f1-score,support
negative,0.9402779689005092,0.9672989807474519,0.95359709720187,7064.0
neutral,0.9861150873174921,0.9709654686398872,0.9784816419288404,7095.0
positive,0.9622855522472706,0.949629215055268,0.9559154929577464,7147.0
accuracy,0.9625926968928941,0.9625926968928941,0.9625926968928941,0.9625926968928941
macro avg,0.962892869488424,0.9626312214808691,0.9626647440294857,21306.0
weighted avg,0.962924291689761,0.9625926968928941,0.9626614649529779,21306.0
