,precision,recall,f1-score,support
negative,0.9445899379738112,0.9676645015532336,0.9559880030689824,7082.0
neutral,0.9811586051743532,0.9784071789119462,0.9797809604043807,7132.0
positive,0.9655569966854014,0.9447264523406655,0.9550281519492553,7092.0
accuracy,0.9636252698770299,0.9636252698770299,0.9636252698770299,0.9636252698770299
macro avg,0.9637685132778552,0.9635993776019484,0.963599038474206,21306.0
weighted avg,0.9638101630210685,0.9636252698770299,0.9636329907520274,21306.0
