,precision,recall,f1-score,support
negative,0.9125,0.9781382228490832,0.9441797140912185,7090.0
neutral,0.9878048780487805,0.9737209952474141,0.9807123750527946,7154.0
positive,0.9744514577697625,0.9181534975927499,0.9454651501895596,7062.0
accuracy,0.9567727400732188,0.9567727400732188,0.9567727400732188,0.9567727400732188
macro avg,0.9582521119395144,0.9566709052297492,0.9567857464445243,21306.0
weighted avg,0.9583195950591871,0.9567727400732188,0.9568724957604947,21306.0
