,precision,recall,f1-score,support
negative,0.9301856335754641,0.9764190906523581,0.9527418021493524,7082.0
neutral,0.9818539879026587,0.978687605159843,0.9802682395899165,7132.0
positive,0.9754546798757948,0.9302030456852792,0.9522915914832191,7092.0
accuracy,0.9617947995869708,0.9617947995869708,0.9617947995869708,0.9617947995869708
macro avg,0.9624981004513059,0.9617699138324934,0.9617672110741626,21306.0
weighted avg,0.9625496051995839,0.9617947995869708,0.9618061810934003,21306.0
