,precision,recall,f1-score,support
negative,0.9809926082365364,0.9489274770173647,0.9646936656282451,1958.0
neutral,0.9338040600176523,0.9805375347544022,0.9566003616636527,1079.0
positive,0.9572559366754617,0.9623342175066313,0.9597883597883597,1885.0
accuracy,0.9609914668833808,0.9609914668833808,0.9609914668833808,0.9609914668833808
macro avg,0.9573508683098835,0.9639330764261328,0.9603607956934191,4922.0
weighted avg,0.9615574051847685,0.9609914668833808,0.9610408463503136,4922.0
