,precision,recall,f1-score,support
negative,0.9444142430008154,0.9667501391207568,0.9554516705623539,7188.0
neutral,0.986746472851646,0.9758985200845666,0.9812925170068028,7095.0
positive,0.9637858894820373,0.9511604727324505,0.9574315608427691,7023.0
accuracy,0.9646578428611658,0.9646578428611658,0.9646578428611658,0.9646578428611658
macro avg,0.9649822017781663,0.9646030439792579,0.964725249470642,21306.0
weighted avg,0.9648964660379536,0.9646578428611658,0.9647094183781204,21306.0
