,precision,recall,f1-score,support
negative,0.9655576725780448,0.9288030452558861,0.9468237999425123,7093.0
neutral,0.9893310265282583,0.971129351825644,0.980145693472361,7066.0
positive,0.9226182589108255,0.9742549321393592,0.9477337688852593,7147.0
accuracy,0.95808692387121,0.95808692387121,0.95808692387121,0.95808692387121
macro avg,0.9591689860057095,0.9580624430736298,0.9582344207667108,21306.0
weighted avg,0.959038125480166,0.95808692387121,0.9581800398615832,21306.0
