,precision,recall,f1-score,support
negative,0.9642857142857143,0.9913309535951046,0.9776213226049787,1961.0
neutral,0.9861623616236163,0.9613309352517986,0.9735883424408015,1112.0
positive,0.9796926454445664,0.965386695511087,0.9724870607463906,1849.0
accuracy,0.9748069890288501,0.9748069890288501,0.9748069890288501,0.9748069890288501
macro avg,0.9767135737846323,0.9726828614526634,0.974565575264057,4922.0
weighted avg,0.9750159555600874,0.9748069890288501,0.9747814355429929,4922.0
