,precision,recall,f1-score,support
negative,0.9562054208273895,0.9454160789844852,0.9507801418439717,7090.0
neutral,0.9862508858965273,0.9726027397260274,0.9793792666619748,7154.0
positive,0.9388206048888275,0.9626168224299065,0.9505698105292595,7062.0
accuracy,0.9602459401107669,0.9602459401107669,0.9602459401107669,0.9602459401107669
macro avg,0.960425637204248,0.9602118803801397,0.9602430730117354,21306.0
weighted avg,0.9605316053268961,0.9602459401107669,0.9603132676866214,21306.0
