,precision,recall,f1-score,support
negative,0.9389063139233601,0.9710860366713682,0.9547250918671566,7090.0
neutral,0.9854004252303331,0.9717640480849874,0.9785347315081991,7154.0
positive,0.9642960393177219,0.9446332483715661,0.9543633762517884,7062.0
accuracy,0.9625457617572515,0.9625457617572515,0.9625457617572515,0.9625457617572515
macro avg,0.962867592823805,0.9624944443759739,0.9625410665423814,21306.0
weighted avg,0.9629334008014727,0.9625457617572515,0.9625998560798802,21306.0
