,precision,recall,f1-score,support
negative,0.9457332228666114,0.969563986409966,0.9575003495037047,7064.0
neutral,0.9880386222798674,0.9663143058491895,0.9770557218184409,7095.0
positive,0.9616842105263158,0.9587239401147335,0.9602017937219731,7147.0
accuracy,0.964845583403736,0.964845583403736,0.964845583403736,0.964845583403736
macro avg,0.9651520185575982,0.9648674107912963,0.9649192883480396,21306.0
weighted avg,0.965171809069604,0.964845583403736,0.9649185691789613,21306.0
