,precision,recall,f1-score,support
negative,0.9363336992316136,0.9684927618506954,0.9521417608483326,7046.0
neutral,0.9868532654792197,0.9699874947894956,0.9783476981290731,7197.0
positive,0.9602534562211982,0.9440747557695031,0.952095380880988,7063.0
accuracy,0.9609030320097625,0.9609030320097625,0.9609030320097625,0.9609030320097625
macro avg,0.9611468069773439,0.9608516708032314,0.9608616132861312,21306.0
weighted avg,0.9613282811288002,0.9609030320097625,0.96097854620927,21306.0
