,precision,recall,f1-score,support
negative,0.965374677002584,0.9554987212276215,0.9604113110539845,1955.0
neutral,0.9231426131511529,0.9791666666666666,0.9503296703296704,1104.0
positive,0.9669603524229075,0.942565754159957,0.9546072302256048,1863.0
accuracy,0.9559122308004876,0.9559122308004876,0.9559122308004876,0.9559122308004876
macro avg,0.9518258808588814,0.959077047351415,0.95511607053642,4922.0
weighted avg,0.9565022501062173,0.9559122308004876,0.9559531367462002,4922.0
