,precision,recall,f1-score,support
negative,0.9587498240180206,0.9640430351075878,0.9613891437848522,7064.0
neutral,0.9857468643101482,0.9747709654686398,0.9802281907731556,7095.0
positive,0.9597885070265758,0.9651602070798937,0.9624668620064183,7147.0
accuracy,0.9679902374917864,0.9679902374917864,0.9679902374917864,0.9679902374917864
macro avg,0.9680950651182482,0.9679914025520405,0.9680280655214754,21306.0
weighted avg,0.9680883891327672,0.9679902374917864,0.968024152257186,21306.0
