,precision,recall,f1-score,support
negative,0.936658964251733,0.9715212181023545,0.9537716262975777,7093.0
neutral,0.9867873043228493,0.9724030568921597,0.9795423765058094,7066.0
positive,0.9663612940166046,0.9445921365607948,0.9553527205830327,7147.0
accuracy,0.9627804374354642,0.9627804374354642,0.9627804374354642,0.9627804374354642
macro avg,0.9632691875303957,0.9628388038517697,0.9628889077954733,21306.0
weighted avg,0.9632472211639664,0.9627804374354642,0.9628487032631983,21306.0
