,precision,recall,f1-score,support
negative,0.9545709478407179,0.9637599093997735,0.9591434206818822,7064.0
neutral,0.9872820805944555,0.973784355179704,0.9804867664798126,7095.0
positive,0.9581939799331104,0.9620819924443823,0.960134050129163,7147.0
accuracy,0.9665352482868675,0.9665352482868675,0.9665352482868675,0.9665352482868675
macro avg,0.9666823361227612,0.9665420856746199,0.9665880790969527,21306.0
weighted avg,0.9666792411502128,0.9665352482868675,0.9665831591168785,21306.0
