,precision,recall,f1-score,support
negative,0.9465129202556266,0.9620163795537984,0.954201680672269,7082.0
neutral,0.9846960464786737,0.9743409983174425,0.9794911551201636,7132.0
positive,0.956601900439654,0.9510716300056402,0.9538287492045534,7092.0
accuracy,0.9624988266216089,0.9624988266216089,0.9624988266216089,0.9624988266216089
macro avg,0.9626036223913181,0.9624763359589603,0.9625071949989953,21306.0
weighted avg,0.9626526510210399,0.9624988266216089,0.9625429789822918,21306.0
