,precision,recall,f1-score,support
negative,0.39841527834213736,1.0,0.5698096760133663,1961.0
neutral,0.0,0.0,0.0,1112.0
positive,0.0,0.0,0.0,1849.0
accuracy,0.39841527834213736,0.39841527834213736,0.39841527834213736,0.39841527834213736
macro avg,0.13280509278071245,0.3333333333333333,0.1899365586711221,4922.0
weighted avg,0.15873473401644278,0.39841527834213736,0.22702088067090845,4922.0
