,precision,recall,f1-score,support
negative,0.9701338825952626,0.9666495638789122,0.9683885890516577,1949.0
neutral,0.9447322970639033,0.9767857142857143,0.9604916593503072,1120.0
positive,0.9747530186608123,0.9584457636265515,0.966530612244898,1853.0
accuracy,0.9658675335229582,0.9658675335229582,0.9658675335229582,0.9658675335229582
macro avg,0.9632063994399926,0.9672936805970593,0.9651369535489543,4922.0
weighted avg,0.9660927373970386,0.9658675335229582,0.9658921664006138,4922.0
