,precision,recall,f1-score,support
negative,0.9670157068062827,0.9476654694715239,0.9572428090178804,1949.0
neutral,0.9036544850498339,0.9714285714285714,0.9363166953528399,1120.0
positive,0.9612831858407079,0.937938478143551,0.949467358645179,1853.0
accuracy,0.9494108086143844,0.9494108086143844,0.9494108086143844,0.9494108086143844
macro avg,0.9439844592322748,0.9523441730145487,0.9476756210052998,4922.0
weighted avg,0.9504397357139559,0.9494108086143844,0.9495538295693917,4922.0
