,precision,recall,f1-score,support
negative,0.8918793503480278,0.9831202046035805,0.9352798053527981,1955.0
neutral,0.9506849315068493,0.9429347826086957,0.9467939972714869,1104.0
positive,0.9671052631578947,0.8679549114331723,0.9148514851485149,1863.0
accuracy,0.9305160503860219,0.9305160503860219,0.9305160503860219,0.9305160503860219
macro avg,0.9365565150042573,0.9313366328818161,0.9323084292575999,4922.0
weighted avg,0.9335427467649561,0.9305160503860219,0.9301302131824716,4922.0
