,precision,recall,f1-score,support
negative,0.9418127053669222,0.9738108720271801,0.957544543429844,7064.0
neutral,0.9871097106846176,0.9713883016208598,0.9791859060879449,7095.0
positive,0.9670940170940171,0.9499090527494053,0.9584245076586433,7147.0
accuracy,0.9649863888106637,0.9649863888106637,0.9649863888106637,0.9649863888106637
macro avg,0.965338811048519,0.965036075465815,0.9650516523921441,21306.0
weighted avg,0.9653773250816785,0.9649863888106637,0.9650464007659209,21306.0
