,precision,recall,f1-score,support
negative,0.9555957683741648,0.9682651622002821,0.9618887487739947,7090.0
neutral,0.988385269121813,0.975398378529494,0.9818488813845504,7154.0
positive,0.9631832342112716,0.9631832342112716,0.9631832342112716,7062.0
accuracy,0.9689758753402797,0.9689758753402797,0.9689758753402797,0.9689758753402797
macro avg,0.9690547572357499,0.9689489249803492,0.9689736214566055,21306.0
weighted avg,0.9691205394288125,0.9689758753402797,0.9690199064222612,21306.0
