,precision,recall,f1-score,support
negative,0.9658930087744126,0.9494991652754591,0.9576259295636312,7188.0
neutral,0.9846481876332622,0.9763213530655391,0.9804670912951168,7095.0
positive,0.9458709229701596,0.9703830271963548,0.9579701996064098,7023.0
accuracy,0.9653149347601615,0.9653149347601615,0.9653149347601615,0.9653149347601615
macro avg,0.9654707064592781,0.9654011818457843,0.9653544068217194,21306.0
weighted avg,0.9655387839269646,0.9653149347601615,0.9653456259400193,21306.0
