,precision,recall,f1-score,support
negative,0.9614179954441914,0.9584161226227647,0.9599147121535182,7046.0
neutral,0.9830555944545581,0.9754064193413923,0.9792160691867763,7197.0
positive,0.9551883489707323,0.9657369389777715,0.9604336806533371,7063.0
accuracy,0.9665821834225101,0.9665821834225101,0.9665821834225101,0.9665821834225101
macro avg,0.9665539796231606,0.9665198269806426,0.9665214873312106,21306.0
weighted avg,0.9666618613521784,0.9665821834225101,0.9666065989967819,21306.0
