,precision,recall,f1-score,support
negative,0.9361984348056771,0.9819143016138008,0.9585115773748897,7188.0
neutral,0.9872236577662934,0.9692741367159972,0.978166559988621,7095.0
positive,0.9733862667254816,0.9426171151929374,0.9577546296296297,7023.0
accuracy,0.964751713132451,0.964751713132451,0.964751713132451,0.964751713132451
macro avg,0.9656027864324841,0.9646018511742452,0.9648109223310467,21306.0
weighted avg,0.9654481344432609,0.964751713132451,0.9648072714342842,21306.0
