,precision,recall,f1-score,support
negative,0.93981795951637,0.9793318233295584,0.9591681109185441,7064.0
neutral,0.9862385321100917,0.9696969696969697,0.9778978039940303,7095.0
positive,0.9735973597359736,0.9493493773611306,0.9613204873901955,7147.0
accuracy,0.9660658969304421,0.9660658969304421,0.9660658969304421,0.9660658969304421
macro avg,0.9665512837874785,0.9661260567958863,0.96612880076759,21306.0
weighted avg,0.9666073773292848,0.9660658969304421,0.9661271931964689,21306.0
