,precision,recall,f1-score,support
negative,0.959768492377188,0.9585506837727337,0.9591592015235946,7093.0
neutral,0.9858227123013031,0.974242853099349,0.9799985764111324,7066.0
positive,0.9549661555463462,0.9672589897859242,0.9610732656749619,7147.0
accuracy,0.9666760536937952,0.9666760536937952,0.9666760536937952,0.9666760536937952
macro avg,0.9668524534082792,0.9666841755526688,0.9667436812032296,21306.0
weighted avg,0.9667982875829408,0.9666760536937952,0.9667125123020216,21306.0
