,precision,recall,f1-score,support
negative,0.933380182712579,0.9377294549562271,0.9355497640346552,7082.0
neutral,0.9694506726457399,0.9699943914750421,0.969722455845248,7132.0
positive,0.9381998582565556,0.9333051325437112,0.9357460945783558,7092.0
accuracy,0.9470571669952126,0.9470571669952126,0.9470571669952126,0.9470571669952126
macro avg,0.9470102378716249,0.9470096596583267,0.9470061048194197,21306.0
weighted avg,0.9470587649505018,0.9470571669952126,0.9470541296691746,21306.0
