,precision,recall,f1-score,support
negative,0.9368039715550784,0.971341124095715,0.9537599890717847,7188.0
neutral,0.9859054669703873,0.9760394644115574,0.9809476591826616,7095.0
positive,0.967198711377947,0.9404812758080592,0.9536529021079988,7023.0
accuracy,0.9627335022998217,0.9627335022998217,0.9627335022998217,0.9627335022998217
macro avg,0.9633027166344709,0.962620621438444,0.962786850120815,21306.0
weighted avg,0.9631738846193618,0.9627335022998217,0.9627783147870762,21306.0
