,precision,recall,f1-score,support
negative,0.9499930738329408,0.968370516803163,0.959093769666457,7082.0
neutral,0.9849104498660274,0.9792484576556366,0.9820712929761655,7132.0
positive,0.9655517438536306,0.9524816694867456,0.9589721749006246,7092.0
accuracy,0.9667229888294377,0.9667229888294377,0.9667229888294377,0.9667229888294377
macro avg,0.9668184225175329,0.9667002146485152,0.9667124125144158,21306.0
weighted avg,0.9668602855880664,0.9667229888294377,0.9667448231802821,21306.0
