,precision,recall,f1-score,support
negative,0.9519620164781455,0.9650339750849377,0.9584534270650263,7064.0
neutral,0.9816448491747296,0.9723749119097956,0.9769878920909155,7095.0
positive,0.9599550372347899,0.9559255631733594,0.9579360628154795,7147.0
accuracy,0.9644231671829532,0.9644231671829532,0.9644231671829532,0.9644231671829532
macro avg,0.9645206342958884,0.9644448167226974,0.9644591273238071,21306.0
weighted avg,0.9645277640295397,0.9644231671829532,0.9644519451851414,21306.0
