,precision,recall,f1-score,support
negative,0.9405886379192334,0.9751632131705933,0.9575639328269806,7046.0
neutral,0.9865857102513415,0.9708211754897874,0.9786399607815673,7197.0
positive,0.9690706749530279,0.9493133229505876,0.9590902589043055,7063.0
accuracy,0.9651271942175913,0.9651271942175913,0.9651271942175913,0.9651271942175913
macro avg,0.9654150077078677,0.9650992372036561,0.9650980508376179,21306.0
weighted avg,0.9655679656740382,0.9651271942175913,0.9651892315350115,21306.0
