,precision,recall,f1-score,support
negative,0.9273689273689274,0.9727547931382442,0.9495198227037677,1982.0
neutral,0.9403669724770642,0.9420955882352942,0.9412304866850322,1088.0
positive,0.9817455790074159,0.9292656587473002,0.9547850208044383,1852.0
accuracy,0.9496139780577001,0.9496139780577001,0.9496139780577001,0.9496139780577001
macro avg,0.9498271596178025,0.9480386800402796,0.9485117767310793,4922.0
weighted avg,0.9507024161767562,0.9496139780577001,0.949668613702154,4922.0
