,precision,recall,f1-score,support
negative,0.9631720050797234,0.9496382860322761,0.9563572679509633,7188.0
neutral,0.9854576561163387,0.9742071881606765,0.9798001275781416,7095.0
positive,0.9448993754337266,0.9693863021500783,0.9569862243463593,7023.0
accuracy,0.964329296911668,0.964329296911668,0.964329296911668,0.964329296911668
macro avg,0.9645096788765963,0.9644105921143437,0.9643812066251547,21306.0
weighted avg,0.9645701096559438,0.964329296911668,0.9643711724764348,21306.0
