,precision,recall,f1-score,support
negative,0.9726720647773279,0.9697275479313825,0.9711975745325923,1982.0
neutral,0.9331550802139037,0.9623161764705882,0.9475113122171944,1088.0
positive,0.9610745614035088,0.9465442764578834,0.9537540805223069,1852.0
accuracy,0.9593661113368549,0.9593661113368549,0.9593661113368549,0.9593661113368549
macro avg,0.9556339021315802,0.9595293336199514,0.9574876557573645,4922.0
weighted avg,0.9595731099920133,0.9593661113368549,0.9593983050676997,4922.0
