,precision,recall,f1-score,support
negative,0.9323063877897118,0.9362759012205507,0.9342869281971393,7046.0
neutral,0.9618824824549332,0.9712380158399333,0.9665376106194691,7197.0
positive,0.9411173344822634,0.9277927226391052,0.9344075288749466,7063.0
accuracy,0.945273631840796,0.945273631840796,0.945273631840796,0.945273631840796
macro avg,0.9451020682423028,0.9451022132331964,0.945077355897185,21306.0
weighted avg,0.9452178150775693,0.945273631840796,0.9452209357058626,21306.0
