,precision,recall,f1-score,support
negative,0.9699948266942576,0.9576098059244127,0.9637625289128758,1958.0
neutral,0.91421143847487,0.9777571825764597,0.9449171518137034,1079.0
positive,0.9667574931880109,0.9411140583554377,0.953763440860215,1885.0
accuracy,0.9557090613571719,0.9557090613571719,0.9557090613571719,0.9557090613571719
macro avg,0.9503212527857129,0.95882701561877,0.954147707195598,4922.0
weighted avg,0.9565261859896672,0.9557090613571719,0.9558018538073755,4922.0
