,precision,recall,f1-score,support
negative,0.9596202890337207,0.9548850979839278,0.957246837679316,7093.0
neutral,0.9796120628628062,0.9791961505802435,0.9794040625663528,7066.0
positive,0.9562978427279054,0.9613823982090387,0.9588333798492883,7147.0
accuracy,0.9651271942175913,0.9651271942175913,0.9651271942175913,0.9651271942175913
macro avg,0.9651767315414773,0.9651545489244033,0.9651614266983191,21306.0
weighted avg,0.9651359348672256,0.9651271942175913,0.9651273393192575,21306.0
