,precision,recall,f1-score,support
negative,0.9617376294591484,0.9464892412231031,0.954052511415525,7064.0
neutral,0.98279049921775,0.9739252995066948,0.9783378167917316,7095.0
positive,0.9427830124266011,0.9659997201623058,0.9542501727712509,7147.0
accuracy,0.9621702806721112,0.9621702806721112,0.9621702806721112,0.9621702806721112
macro avg,0.9624370470344998,0.9621380869640346,0.9622135003261691,21306.0
weighted avg,0.9623900965109491,0.9621702806721112,0.9622059389642699,21306.0
