,precision,recall,f1-score,support
negative,0.991332611050921,0.9389430477167778,0.9644268774703557,1949.0
neutral,0.9708222811671088,0.9803571428571428,0.9755664149266993,1120.0
positive,0.9413881748071979,0.9881273610361576,0.9641916798314903,1853.0
accuracy,0.9668833807395367,0.9668833807395367,0.9668833807395367,0.9668833807395367
macro avg,0.9678476890084092,0.9691425172033594,0.968061657409515,4922.0
weighted avg,0.9678627593992573,0.9668833807395367,0.9668731311733804,4922.0
