,precision,recall,f1-score,support
negative,0.9490823789154132,0.9696884252079515,0.9592747559274756,7093.0
neutral,0.9884576540181792,0.9695726011887914,0.978924055154676,7066.0
positive,0.9612794612794613,0.9587239401147335,0.9600000000000002,7147.0
accuracy,0.965972026659157,0.965972026659157,0.965972026659157,0.965972026659157
macro avg,0.9662731647376847,0.9659949888371587,0.9660662703607171,21306.0
weighted avg,0.9662323949452638,0.965972026659157,0.9660346014041362,21306.0
