,precision,recall,f1-score,support
negative,0.9688642011401842,0.9382785956964892,0.9533261416756562,7064.0
neutral,0.984093168584008,0.9766032417195208,0.9803338992642897,7095.0
positive,0.9368265086206896,0.9731355813628095,0.9546359206643332,7147.0
accuracy,0.9627335022998217,0.9627335022998217,0.9627335022998217,0.9627335022998217
macro avg,0.9632612927816272,0.9626724729262732,0.9627653205347597,21306.0
weighted avg,0.9631886231610751,0.9627335022998217,0.9627592136048513,21306.0
