,precision,recall,f1-score,support
negative,0.9548452562151192,0.965623396613648,0.960204081632653,1949.0
neutral,0.9161777032690696,0.9758928571428571,0.945092952875054,1120.0
positive,0.9795221843003413,0.9293038316243929,0.9537524231514816,1853.0
accuracy,0.9542868752539618,0.9542868752539618,0.9542868752539618,0.9542868752539618
macro avg,0.9501817145948434,0.9569400284602994,0.9530164858863962,4922.0
weighted avg,0.9553366597995038,0.9542868752539618,0.9543366725765535,4922.0
