,precision,recall,f1-score,support
negative,0.9693769799366421,0.9420215495125706,0.9555035128805621,1949.0
neutral,0.8664546899841018,0.9732142857142857,0.9167367535744324,1120.0
positive,0.9361581920903955,0.8942255801403131,0.9147115650013801,1853.0
accuracy,0.9311255587159691,0.9311255587159691,0.9311255587159691,0.9311255587159691
macro avg,0.9239966206703798,0.9364871384557231,0.9289839438187916,4922.0
weighted avg,0.9334510598582307,0.9311255587159691,0.9313250793488698,4922.0
