,precision,recall,f1-score,support
negative,0.9585272958104105,0.9583921015514809,0.958459693913534,7090.0
neutral,0.9836573682727529,0.9759575062901873,0.979792309851249,7154.0
positive,0.9536451748841129,0.9613423959218351,0.9574783160566955,7062.0
accuracy,0.9652679996245189,0.9652679996245189,0.9652679996245189,0.9652679996245189
macro avg,0.9652766129890921,0.9652306679211677,0.9652434399404929,21306.0
weighted avg,0.9653471118441139,0.9652679996245189,0.9652973473441836,21306.0
