,precision,recall,f1-score,support
negative,0.9390543864443837,0.9692524682651622,0.9539144919489173,7090.0
neutral,0.9845288326300985,0.9784735812133072,0.981491867638811,7154.0
positive,0.9669962198313463,0.9418011894647409,0.954232424677188,7062.0
accuracy,0.9632497887918896,0.9632497887918896,0.9632497887918896,0.9632497887918896
macro avg,0.9635264796352762,0.9631757463144034,0.9632129280883056,21306.0
weighted avg,0.9635850076492711,0.9632497887918896,0.9632796372888472,21306.0
