,precision,recall,f1-score,support
negative,0.9327505043712172,0.9817383918459797,0.9566176977722601,7064.0
neutral,0.9866914710933028,0.9718111346018323,0.979194773840801,7095.0
positive,0.9782071771030074,0.9420735973135581,0.9598004276550249,7147.0
accuracy,0.9651271942175913,0.9651271942175913,0.9651271942175913,0.9651271942175913
macro avg,0.9658830508558425,0.9652077079204567,0.9652042997560287,21306.0
weighted avg,0.9659613369492375,0.9651271942175913,0.965203604332779,21306.0
