,precision,recall,f1-score,support
negative,0.9504705299653293,0.9800817160367722,0.9650490319336184,1958.0
neutral,0.9790276453765491,0.9518072289156626,0.9652255639097744,1079.0
positive,0.9681769147788565,0.9522546419098143,0.9601497726664884,1885.0
accuracy,0.9632263307598538,0.9632263307598538,0.9632263307598538,0.9632263307598538
macro avg,0.9658916967069117,0.9613811956207498,0.9634747895032937,4922.0
weighted avg,0.9635119080437944,0.9632263307598538,0.9632114403618453,4922.0
