,precision,recall,f1-score,support
negative,0.9318627450980392,0.9753719856336582,0.95312108297819,1949.0
neutral,0.9301724137931034,0.9633928571428572,0.9464912280701755,1120.0
positive,0.9761904761904762,0.9071775499190502,0.9404195804195803,1853.0
accuracy,0.9469727752945957,0.9469727752945957,0.9469727752945957,0.9469727752945957
macro avg,0.946075211693873,0.9486474642318553,0.9466772971559819,4922.0
weighted avg,0.9481663035402899,0.9469727752945957,0.9468306884763453,4922.0
