,precision,recall,f1-score,support
negative,0.9774358974358974,0.9779374037968189,0.9776865863041805,1949.0
neutral,0.9944289693593314,0.95625,0.9749658625398271,1120.0
positive,0.9646437994722955,0.9865083648138154,0.9754535752401281,1853.0
accuracy,0.9762291751320601,0.9762291751320601,0.9762291751320601,0.9762291751320601
macro avg,0.9788362220891749,0.9735652562035448,0.9760353413613786,4922.0
weighted avg,0.9764867879331937,0.9762291751320601,0.9762268178934197,4922.0
