,precision,recall,f1-score,support
negative,0.878077034462786,0.8562552951143745,0.8670288818987704,7082.0
neutral,0.90905327077008,0.9235838474481212,0.9162609542356378,7132.0
positive,0.8695834498182835,0.8771855611957134,0.8733679629369648,7092.0
accuracy,0.8857598798460528,0.8857598798460528,0.8857598798460528,0.8857598798460528
macro avg,0.8855712516837165,0.8856749012527363,0.8855525996904577,21306.0
weighted avg,0.8856188543747737,0.8857598798460528,0.8856189458539666,21306.0
