,precision,recall,f1-score,support
negative,0.9574909279419388,0.9318869828456104,0.9445154691894655,1982.0
neutral,0.9412915851272016,0.8841911764705882,0.9118483412322276,1088.0
positive,0.8701166920345003,0.9260259179265659,0.89720115092859,1852.0
accuracy,0.9191385615603413,0.9191385615603413,0.9191385615603413,0.9191385615603413
macro avg,0.9229664017012135,0.9140346924142548,0.917854987116761,4922.0
weighted avg,0.9210338028133304,0.9191385615603413,0.9194915048179465,4922.0
