,precision,recall,f1-score,support
negative,0.9547993905535805,0.9616368286445013,0.9582059123343527,1955.0
neutral,0.905,0.9836956521739131,0.9427083333333334,1104.0
positive,0.9788933257273246,0.9210950080515298,0.9491150442477876,1863.0
accuracy,0.951239333604226,0.951239333604226,0.951239333604226,0.951239333604226
macro avg,0.9462309054269684,0.9554758296233148,0.9500097633051579,4922.0
weighted avg,0.9527491008456431,0.951239333604226,0.951288883796686,4922.0
