,precision,recall,f1-score,support
negative,0.9717028802425467,0.9806221315655278,0.9761421319796953,1961.0
neutral,0.9772313296903461,0.9649280575539568,0.9710407239819003,1112.0
positive,0.9772357723577236,0.9751216873985938,0.9761775852734164,1849.0
accuracy,0.9750101584721658,0.9750101584721658,0.9750101584721658,0.9750101584721658
macro avg,0.9753899940968722,0.9735572921726928,0.9744534804116706,4922.0
weighted avg,0.9750303798985637,0.9750101584721658,0.9750029177266564,4922.0
