,precision,recall,f1-score,support
negative,0.9558390578999019,0.9828456104944501,0.9691542288557214,1982.0
neutral,0.9866539561487131,0.9512867647058824,0.9686476368741227,1088.0
positive,0.9820163487738419,0.9730021598272138,0.9774884730132899,1852.0
accuracy,0.9721657862657457,0.9721657862657457,0.9721657862657457,0.9721657862657457
macro avg,0.9748364542741523,0.9690448450091821,0.9717634462477114,4922.0
weighted avg,0.9725003646843887,0.9721657862657457,0.972178171989374,4922.0
