,precision,recall,f1-score,support
negative,0.9813374805598756,0.9653238143804181,0.9732647814910026,1961.0
neutral,0.9815157116451017,0.9550359712230215,0.968094804010939,1112.0
positive,0.9502878074306645,0.9821525148729042,0.9659574468085105,1849.0
accuracy,0.9693214140593255,0.9693214140593255,0.9693214140593255,0.9693214140593255
macro avg,0.9710469998785473,0.9675041001587813,0.9691056774368173,4922.0
weighted avg,0.9697136177705339,0.9693214140593255,0.9693516817783333,4922.0
