,precision,recall,f1-score,support
negative,0.9404145077720207,0.9723671225151558,0.9561239342898732,7093.0
neutral,0.9884842378004894,0.971836965751486,0.9800899165061014,7066.0
positive,0.9668327402135232,0.9503288092906115,0.9585097375105842,7147.0
accuracy,0.9647986482680935,0.9647986482680935,0.9647986482680935,0.9647986482680935
macro avg,0.9652438285953444,0.9648442991857511,0.964907862768853,21306.0
weighted avg,0.9652184043101122,0.9647986482680935,0.9648724073002126,21306.0
