,precision,recall,f1-score,support
negative,0.9150657229524772,0.9132189707366297,0.9141414141414141,1982.0
neutral,0.9199255121042831,0.9080882352941176,0.9139685476410729,1088.0
positive,0.9064171122994652,0.9152267818574514,0.9108006448146158,1852.0
accuracy,0.9128403088175538,0.9128403088175538,0.9128403088175538,0.9128403088175538
macro avg,0.9138027824520751,0.912177995962733,0.9129702021990344,4922.0
weighted avg,0.9128857602681592,0.9128403088175538,0.9128461716494186,4922.0
