,precision,recall,f1-score,support
negative,0.9403902699812884,0.9788536449638287,0.9592365371506476,7188.0
neutral,0.9854410505281187,0.9730796335447498,0.9792213318204382,7095.0
positive,0.9753593429158111,0.946888793962694,0.9609132288129469,7023.0
accuracy,0.9663944428799399,0.9663944428799399,0.9663944428799399,0.9663944428799399
macro avg,0.9670635544750726,0.9662740241570908,0.9664570325946776,21306.0
weighted avg,0.9669190922472659,0.9663944428799399,0.9664442497070399,21306.0
