,precision,recall,f1-score,support
negative,0.9403374022767796,0.9669957686882934,0.9534802864891176,7090.0
neutral,0.9852050162040299,0.9773553256919206,0.9812644726685846,7154.0
positive,0.9648742411101474,0.9451996601529312,0.9549356223175967,7062.0
accuracy,0.9632497887918896,0.9632497887918896,0.9632497887918896,0.9632497887918896
macro avg,0.9634722198636524,0.9631835848443817,0.9632267938250996,21306.0
weighted avg,0.96353565938167,0.9632497887918896,0.9632918724061658,21306.0
