,precision,recall,f1-score,support
negative,0.9600226020624382,0.9585331452750353,0.9592772955042699,7090.0
neutral,0.9846435615666385,0.9769359798714006,0.9807746281223687,7154.0
positive,0.9544115584233412,0.9634664401019541,0.9589176238460996,7062.0
accuracy,0.9663475077442973,0.9663475077442973,0.9663475077442973,0.9663475077442973
macro avg,0.9663592406841394,0.9663118550827967,0.9663231824909128,21306.0
weighted avg,0.9664298654677581,0.9663475077442973,0.9663763247119992,21306.0
