,precision,recall,f1-score,support
negative,0.9315974096060442,0.9799886460403066,0.9551805228938994,7046.0
neutral,0.9838732295610714,0.9748506322078644,0.9793411501954216,7197.0
positive,0.9787076741091232,0.9371371938269857,0.9574714306379285,7063.0
accuracy,0.9640476860978128,0.9640476860978128,0.9640476860978128,0.9640476860978128
macro avg,0.964726104425413,0.9639921573583855,0.9639977012424165,21306.0
weighted avg,0.9648729598924226,0.9640476860978128,0.9641012361242164,21306.0
