,precision,recall,f1-score,support
negative,0.9519564140663694,0.9861467419189328,0.9687499999999999,1949.0
neutral,0.9853345554537122,0.9598214285714286,0.9724106739032112,1120.0
positive,0.9850993377483444,0.963302752293578,0.9740791268758526,1853.0
accuracy,0.9715562779357985,0.9715562779357985,0.9715562779357985,0.9715562779357985
macro avg,0.9741301024228086,0.9697569742613131,0.9717466002596878,4922.0
weighted avg,0.9720290178730585,0.9715562779357985,0.9715892577961299,4922.0
