,precision,recall,f1-score,support
negative,0.9549500205395043,0.9702281580411798,0.9625284659443794,7188.0
neutral,0.9878188592719978,0.9715292459478506,0.9796063383784552,7095.0
positive,0.9611387900355872,0.9614125017798661,0.9612756264236901,7023.0
accuracy,0.9677555618135737,0.9677555618135737,0.9677555618135737,0.9677555618135737
macro avg,0.967969223282363,0.9677233019229655,0.9678034769155083,21306.0
weighted avg,0.967935477170408,0.9677555618135737,0.9678025114229285,21306.0
