,precision,recall,f1-score,support
negative,0.9292083220751148,0.9761566846437695,0.9521040974529347,7046.0
neutral,0.9849040632054176,0.9699874947894956,0.9773888694434721,7197.0
positive,0.974325117370892,0.9402520175562792,0.9569853735859932,7063.0
accuracy,0.9621702806721112,0.9621702806721112,0.9621702806721112,0.9621702806721112
macro avg,0.9628125008838081,0.9621320656631814,0.9621594468274667,21306.0
weighted avg,0.9629782542110795,0.9621702806721112,0.9622632524958189,21306.0
