,precision,recall,f1-score,support
negative,0.9025824597289696,0.9821925431274346,0.9407061958694204,7188.0
neutral,0.9826974897177705,0.9766032417195208,0.9796408878835006,7095.0
positive,0.9825897714907508,0.9000427167876975,0.9395065398335314,7023.0
accuracy,0.9532526049000282,0.9532526049000282,0.9532526049000282,0.9532526049000282
macro avg,0.9559565736458303,0.952946167211551,0.9532845411954841,21306.0
weighted avg,0.9556335950088688,0.9532526049000282,0.9532761975356108,21306.0
