,precision,recall,f1-score,support
negative,0.9292059219380888,0.9733540109967573,0.9507677477105281,7093.0
neutral,0.986097176436864,0.9736767619586754,0.9798476109093499,7066.0
positive,0.9697057544571677,0.936057086889604,0.9525843656557027,7147.0
accuracy,0.960949967145405,0.960949967145405,0.960949967145405,0.960949967145405
macro avg,0.9616696176107068,0.9610292866150122,0.9610665747585269,21306.0
weighted avg,0.9616590293867983,0.960949967145405,0.9610212763793086,21306.0
