,precision,recall,f1-score,support
negative,0.9399310684391925,0.9734829168791433,0.9564128256513026,1961.0
neutral,0.8622611464968153,0.9739208633093526,0.9146959459459459,1112.0
positive,0.9877675840978594,0.8734451054624122,0.9270952927669345,1849.0
accuracy,0.9360016253555465,0.9360016253555465,0.9360016253555465,0.9360016253555465
macro avg,0.9299865996779557,0.940282961883636,0.9327346881213944,4922.0
weighted avg,0.940353816154136,0.9360016253555465,0.9359745305404629,4922.0
