,precision,recall,f1-score,support
negative,0.9266300709599679,0.9757507401663612,0.9505562422744128,7093.0
neutral,0.9870819578010621,0.9732521936031701,0.9801182925960236,7066.0
positive,0.9729257641921397,0.9352175738071918,0.9536990796889491,7147.0
accuracy,0.9613254482305453,0.9613254482305453,0.9613254482305453,0.9613254482305453
macro avg,0.9622125976510566,0.9614068358589076,0.9614578715197952,21306.0
weighted avg,0.9622082344796105,0.9613254482305453,0.9614145594890092,21306.0
