,precision,recall,f1-score,support
negative,0.9499153498871332,0.9555776326994039,0.9527380783925286,7046.0
neutral,0.9868290610395128,0.9681811866055301,0.977416187403563,7197.0
positive,0.948861254715663,0.9614894520741895,0.9551336146272855,7063.0
accuracy,0.9617947995869708,0.9617947995869708,0.9617947995869708,0.9617947995869708
macro avg,0.9618685552141031,0.9617494237930412,0.9617626268077922,21306.0
weighted avg,0.9620350769577978,0.9617947995869708,0.9618682775373002,21306.0
