,precision,recall,f1-score,support
negative,0.9477447744774478,0.9716622021711546,0.9595544726766446,7093.0
neutral,0.9893341020466994,0.9714123973959807,0.9802913453299058,7066.0
positive,0.963641488162345,0.9567650762557717,0.9601909710033,7147.0
accuracy,0.9665821834225101,0.9665821834225101,0.9665821834225101,0.9665821834225101
macro avg,0.9669067882288308,0.9666132252743024,0.9666789296699502,21306.0
weighted avg,0.9668700913511121,0.9665821834225101,0.9666452356405304,21306.0
