,precision,recall,f1-score,support
negative,0.9211553473848556,0.9849749582637729,0.9519967728922952,7188.0
neutral,0.9879982854693528,0.9746300211416491,0.9812686249467859,7095.0
positive,0.9829330916779943,0.9266695144525132,0.9539724420990912,7023.0
accuracy,0.9623110860790388,0.9623110860790388,0.9623110860790388,0.9623110860790388
macro avg,0.9640289081774008,0.962091497952645,0.9624126133127241,21306.0
weighted avg,0.9637778830030017,0.9623110860790388,0.962395670628423,21306.0
