,precision,recall,f1-score,support
negative,0.9311810814401488,0.9750973845297718,0.9526333673122663,7188.0
neutral,0.9867085893954552,0.9730796335447498,0.9798467215441385,7095.0
positive,0.9708050722500737,0.9374911006692297,0.9538572980804058,7023.0
accuracy,0.9620294752651836,0.9620294752651836,0.9620294752651836,0.9620294752651836
macro avg,0.962898247695226,0.9618893729145839,0.9621124623122702,21306.0
weighted avg,0.9627330835241159,0.9620294752651836,0.9620989832917921,21306.0
