,precision,recall,f1-score,support
negative,0.949076664801343,0.9603624009060022,0.9546861806923725,7064.0
neutral,0.9821453875584526,0.9768851303735024,0.9795081967213115,7095.0
positive,0.9574707787635545,0.9513082412200924,0.9543795620437957,7147.0
accuracy,0.9628273725711067,0.9628273725711067,0.9628273725711067,0.9628273725711067
macro avg,0.96289761037445,0.9628519241665323,0.96285797981916,21306.0
weighted avg,0.9629044748290169,0.9628273725711067,0.9628491770428814,21306.0
