,precision,recall,f1-score,support
negative,0.9491055332131466,0.9648949668687439,0.9569351230425056,7093.0
neutral,0.9889383709237178,0.974242853099349,0.981535609895202,7066.0
positive,0.960470984020185,0.9587239401147335,0.959596666900077,7147.0
accuracy,0.9659250915235145,0.9659250915235145,0.9659250915235145,0.9659250915235145
macro avg,0.9661716293856832,0.9659539200276087,0.9660224666125948,21306.0
weighted avg,0.9661283299924952,0.9659250915235145,0.9659865214303407,21306.0
