,precision,recall,f1-score,support
negative,0.9322193774423932,0.9793318233295584,0.9551950293406973,7064.0
neutral,0.9862700228832952,0.9719520789288231,0.9790587066089302,7095.0
positive,0.9749020745684027,0.940254652301665,0.9572649572649573,7147.0
accuracy,0.9637660752839575,0.9637660752839575,0.9637660752839575,0.9637660752839575
macro avg,0.9644638249646972,0.9638461848533488,0.9638395644048616,21306.0
weighted avg,0.9645362161621337,0.9637660752839575,0.9638360959460103,21306.0
