,precision,recall,f1-score,support
negative,0.9693347193347194,0.956900974858902,0.9630777175316293,1949.0
neutral,0.9196277495769881,0.9705357142857143,0.944396177237185,1120.0
positive,0.9642070484581498,0.944954128440367,0.9544835104933224,1853.0
accuracy,0.9555058919138562,0.9555058919138562,0.9555058919138562,0.9555058919138562
macro avg,0.9510565057899525,0.957463605861661,0.9539858017540456,4922.0
weighted avg,0.9560934799476932,0.9555058919138562,0.9555912504914504,4922.0
