,precision,recall,f1-score,support
negative,0.9585698070374574,0.9588418961112688,0.9587058322690507,7046.0
neutral,0.9863013698630136,0.9704043351396415,0.9782882756688611,7197.0
positive,0.9508151038038177,0.9661616876681297,0.9584269662921348,7063.0
accuracy,0.9651741293532339,0.9651741293532339,0.9651741293532339,0.9651741293532339
macro avg,0.9652287602347629,0.9651359729730133,0.9651403580766823,21306.0
weighted avg,0.9653666055316061,0.9651741293532339,0.9652281834731001,21306.0
