,precision,recall,f1-score,support
negative,0.9743991640543365,0.956900974858902,0.9655707998964536,1949.0
neutral,0.9553023663453112,0.9732142857142857,0.9641751437417072,1120.0
positive,0.9625066952329941,0.9697787371829466,0.9661290322580646,1853.0
accuracy,0.9654611946363267,0.9654611946363267,0.9654611946363267,0.9654611946363267
macro avg,0.9640694085442139,0.966631332585378,0.9652916586320751,4922.0
weighted avg,0.9655764988450606,0.9654611946363267,0.9654633780502018,4922.0
