,precision,recall,f1-score,support
negative,0.968279258400927,0.948765256883338,0.9584229390681003,7046.0
neutral,0.9806001395673413,0.976240100041684,0.9784152624982594,7197.0
positive,0.9468011607019483,0.9701260087781396,0.9583216783216782,7063.0
accuracy,0.9651271942175913,0.9651271942175913,0.9651271942175913,0.9651271942175913
macro avg,0.9652268528900723,0.9650437885677206,0.9650532932960126,21306.0
weighted avg,0.9653211047215314,0.9651271942175913,0.965142621179941,21306.0
