,precision,recall,f1-score,support
negative,0.9091760299625468,0.9918283963227783,0.948705422569614,1958.0
neutral,0.9796905222437138,0.9388322520852641,0.9588263132986276,1079.0
positive,0.988013698630137,0.9183023872679045,0.9518834204014297,1885.0
accuracy,0.9520520113774888,0.9520520113774888,0.9520520113774888,0.9520520113774888
macro avg,0.9589600836121325,0.9496543452253157,0.9531383854232237,4922.0
weighted avg,0.9548270138328814,0.9520520113774888,0.9521412143228807,4922.0
