,precision,recall,f1-score,support
negative,0.8749529662611313,0.9875424688561721,0.9278446498636695,7064.0
neutral,0.9839954272649328,0.9705426356589147,0.9772227346909814,7095.0
positive,0.988318863456985,0.8760319014971316,0.9287939474855363,7147.0
accuracy,0.9444757345348728,0.9444757345348728,0.9444757345348728,0.9444757345348728
macro avg,0.9490890856610164,0.9447056686707395,0.9446204440133958,21306.0
weighted avg,0.949292698171426,0.9444757345348728,0.9446062260372009,21306.0
