,precision,recall,f1-score,support
negative,0.9453125,0.9767911200807265,0.9607940446650123,1982.0
neutral,0.9241622574955908,0.9632352941176471,0.9432943294329433,1088.0
positive,0.985632183908046,0.9260259179265659,0.9548997772828507,1852.0
accuracy,0.9546932141405933,0.9546932141405933,0.9546932141405933,0.9546932141405933
macro avg,0.9517023138012123,0.9553507773749798,0.9529960504602687,4922.0
weighted avg,0.955808353464629,0.9546932141405933,0.9547079265495603,4922.0
