,precision,recall,f1-score,support
negative,0.9740853658536586,0.9775624681285059,0.9758208195469584,1961.0
neutral,0.9826800364630811,0.9694244604316546,0.9760072430964236,1112.0
positive,0.968228325255789,0.9724175229853975,0.9703184025903939,1849.0
accuracy,0.9737911418122714,0.9737911418122714,0.9737911418122714,0.9737911418122714
macro avg,0.9749979091908428,0.9731348171818528,0.9740488217445918,4922.0
weighted avg,0.9738268542023415,0.9737911418122714,0.9737958975709968,4922.0
