,precision,recall,f1-score,support
negative,0.9541232761047003,0.9597961494903737,0.9569513055751587,7064.0
neutral,0.9868138168267163,0.9704016913319239,0.9785389425810119,7095.0
positive,0.9541741658590613,0.9643206939974814,0.9592205984690327,7147.0
accuracy,0.964845583403736,0.964845583403736,0.964845583403736,0.964845583403736
macro avg,0.9650370862634926,0.9648395116065931,0.9649036155417345,21306.0
weighted avg,0.96502645340204,0.964845583403736,0.9649013159416775,21306.0
