,precision,recall,f1-score,support
negative,0.9578736208625878,0.9799897383273474,0.968805478062389,1949.0
neutral,0.9705093833780161,0.9696428571428571,0.9700759267530147,1120.0
positive,0.978441127694859,0.9552077711818673,0.9666848716548335,1853.0
accuracy,0.9683055668427468,0.9683055668427468,0.9683055668427468,0.9683055668427468
macro avg,0.968941377311821,0.9682801222173573,0.9685220921567458,4922.0
weighted avg,0.9684919963557772,0.9683055668427468,0.9682962173676105,4922.0
