,precision,recall,f1-score,support
negative,0.9239968110550093,0.9819260096018074,0.952081051478642,7082.0
neutral,0.9873507674815236,0.9740605720695457,0.9806606437041219,7132.0
positive,0.9780545670225386,0.9300620417371687,0.9534547557097427,7092.0
accuracy,0.9620294752651836,0.9620294752651836,0.9620294752651836,0.9620294752651836
macro avg,0.9631340485196905,0.9620162078028406,0.9620654836308354,21306.0
weighted avg,0.9631978822347529,0.9620294752651836,0.9621050804920226,21306.0
