,precision,recall,f1-score,support
negative,0.9433218334154756,0.9775280898876404,0.9601203912716327,1958.0
neutral,0.9091695501730104,0.974050046339203,0.9404921700223714,1079.0
positive,0.97524467472654,0.8986737400530505,0.9353948094975152,1885.0
accuracy,0.9465664364079642,0.9465664364079642,0.9465664364079642,0.9465664364079642
macro avg,0.9425786861050086,0.9500839587599647,0.9453357902638397,4922.0
weighted avg,0.948060606729725,0.9465664364079642,0.9463482310984989,4922.0
