,precision,recall,f1-score,support
negative,0.9637670740474479,0.9488958097395244,0.9562736286468365,7064.0
neutral,0.9858914065840103,0.9750528541226215,0.9804421768707483,7095.0
positive,0.9443686937551131,0.9690779347978172,0.9565637732200815,7147.0
accuracy,0.9643762320473106,0.9643762320473106,0.9643762320473106,0.9643762320473106
macro avg,0.9646757247955238,0.9643421995533211,0.9644265262458888,21306.0
weighted avg,0.9646274849832217,0.9643762320473106,0.9644191985761351,21306.0
