,precision,recall,f1-score,support
negative,0.9381289094370411,0.974159841852584,0.9558049321141592,7082.0
neutral,0.9844764324019193,0.9781267526640494,0.9812913208608806,7132.0
positive,0.9711622487620157,0.9402143260011281,0.955437741796819,7092.0
accuracy,0.9641884915047404,0.9641884915047404,0.9641884915047404,0.9641884915047404
macro avg,0.9645891968669921,0.9641669735059204,0.9641779982572863,21306.0
weighted avg,0.9646389524426842,0.9641884915047404,0.9642140568119456,21306.0
