,precision,recall,f1-score,support
negative,0.9495345418912298,0.9778002018163471,0.9634601043997016,1982.0
neutral,0.9449954914337241,0.9632352941176471,0.9540282203004097,1088.0
positive,0.9751693002257337,0.9330453563714903,0.9536423841059604,1852.0
accuracy,0.9577407557903291,0.9577407557903291,0.9577407557903291,0.9577407557903291
macro avg,0.9565664445168959,0.9580269507684949,0.9570435696020239,4922.0
weighted avg,0.9581767778802047,0.9577407557903291,0.9576810902014005,4922.0
