,precision,recall,f1-score,support
negative,0.9433159483941806,0.9689835048639504,0.9559774671395785,7093.0
neutral,0.9901734104046243,0.9697141239739598,0.9798369798369797,7066.0
positive,0.9622535211267605,0.9559255631733594,0.9590791043728504,7147.0
accuracy,0.964845583403736,0.964845583403736,0.964845583403736,0.964845583403736
macro avg,0.9652476266418551,0.9648743973370898,0.9649645171164695,21306.0
weighted avg,0.9652084509233058,0.964845583403736,0.9649307534451278,21306.0
