,precision,recall,f1-score,support
negative,0.954040404040404,0.9647599591419816,0.9593702386998477,1958.0
neutral,0.9150612959719789,0.9684893419833179,0.9410175596578119,1079.0
positive,0.9683333333333334,0.9246684350132626,0.9459972862957937,1885.0
accuracy,0.9502234863876473,0.9502234863876473,0.9502234863876473,0.9502234863876473
macro avg,0.9458116777819053,0.9526392453795207,0.9487950282178178,4922.0
weighted avg,0.9509692366514039,0.9502234863876473,0.9502254691004983,4922.0
