,precision,recall,f1-score,support
negative,0.9365295559792972,0.9758728356514335,0.9557964970809008,7046.0
neutral,0.9835011185682326,0.9773516743087397,0.9804167537807512,7197.0
positive,0.9759248385202584,0.9412430978337817,0.9582702702702701,7063.0
accuracy,0.9648925185393786,0.9648925185393786,0.9648925185393786,0.9648925185393786
macro avg,0.9653185043559294,0.9648225359313183,0.9648278403773073,21306.0
weighted avg,0.9654558310445078,0.9648925185393786,0.9649330899423172,21306.0
