,precision,recall,f1-score,support
negative,0.9175802403909655,0.9859494748793641,0.9505370459054525,7046.0
neutral,0.9876875176903481,0.9697096012227316,0.9786159994391083,7197.0
positive,0.9818563502774029,0.9270848081551748,0.953684823769298,7063.0
accuracy,0.960949967145405,0.960949967145405,0.960949967145405,0.960949967145405
macro avg,0.9623747027862389,0.9609146280857569,0.9609459563712863,21306.0
weighted avg,0.962569644260841,0.960949967145405,0.9610653939592431,21306.0
