,precision,recall,f1-score,support
negative,0.9672985096223412,0.9439423891556058,0.9554777388694348,7082.0
neutral,0.9852961968047504,0.9771452607964105,0.9812038014783526,7132.0
positive,0.9396339797869434,0.970107163000564,0.9546274455390592,7092.0
accuracy,0.9637660752839575,0.9637660752839575,0.9637660752839575,0.9637660752839575
macro avg,0.9640762287380117,0.9637316043175268,0.9637696619622823,21306.0
weighted avg,0.9641145548392894,0.9637660752839575,0.9638062847357531,21306.0
