,precision,recall,f1-score,support
negative,0.7837699024139703,0.7699293642785066,0.7767879867650802,1982.0
neutral,0.8524096385542169,0.7803308823529411,0.8147792706333974,1088.0
positive,0.84133400707428,0.8990280777537797,0.8692247454972593,1852.0
accuracy,0.8208045509955303,0.8208045509955303,0.8208045509955303,0.8208045509955303
macro avg,0.825837849347489,0.8164294414617425,0.8202640009652455,4922.0
weighted avg,0.8206022377962299,0.8208045509955303,0.8199670590976126,4922.0
