,precision,recall,f1-score,support
negative,0.9484364141765115,0.9624823695345557,0.9554077703885193,7090.0
neutral,0.9794204115917682,0.977914453452614,0.978666853185983,7154.0
positive,0.9615384615384616,0.9487397337864628,0.955096222380613,7062.0
accuracy,0.963108983384962,0.963108983384962,0.963108983384962,0.963108983384962
macro avg,0.9631317624355805,0.9630455189245443,0.9630569486517051,21306.0
weighted avg,0.9631827849630897,0.963108983384962,0.9631143003003386,21306.0
