,precision,recall,f1-score,support
negative,0.9591517221747794,0.9539920724801813,0.9565649396735274,7064.0
neutral,0.985486624928856,0.9761804087385483,0.9808114423281172,7095.0
positive,0.9503585217870932,0.9643206939974814,0.9572887006042086,7147.0
accuracy,0.964845583403736,0.964845583403736,0.964845583403736,0.964845583403736
macro avg,0.9649989562969096,0.9648310584054037,0.9648883608686177,21306.0
weighted avg,0.9649717321188976,0.964845583403736,0.9648819234201667,21306.0
