,precision,recall,f1-score,support
negative,0.935022476501839,0.9716874292185731,0.9530024297119055,7064.0
neutral,0.9859919954259577,0.9722339675828048,0.9790646511957987,7095.0
positive,0.9655617735686612,0.9415139219252834,0.9533862283933127,7147.0
accuracy,0.9617478644513283,0.9617478644513283,0.9617478644513283,0.9617478644513283
macro avg,0.9621920818321527,0.9618117729088871,0.9618177697670056,21306.0
weighted avg,0.962239837475424,0.9617478644513283,0.9618100177436448,21306.0
