,precision,recall,f1-score,support
negative,0.4026818366517676,1.0,0.5741599073001159,1982.0
neutral,0.0,0.0,0.0,1088.0
positive,0.0,0.0,0.0,1852.0
accuracy,0.4026818366517676,0.4026818366517676,0.4026818366517676,0.4026818366517676
macro avg,0.13422727888392252,0.3333333333333333,0.1913866357667053,4922.0
weighted avg,0.16215266156924082,0.4026818366517676,0.23120376600341927,4922.0
