,precision,recall,f1-score,support
negative,0.9630390143737166,0.9566547679755227,0.9598362752622155,1961.0
neutral,0.9176570458404074,0.9721223021582733,0.9441048034934497,1112.0
positive,0.9632516703786191,0.9356408869659275,0.9492455418381345,1849.0
accuracy,0.9522551808208045,0.9522551808208045,0.9522551808208045,0.9522551808208045
macro avg,0.9479825768642477,0.9548059856999078,0.9510622068645999,4922.0
weighted avg,0.9528660058292275,0.9522551808208045,0.9523036335092708,4922.0
