,precision,recall,f1-score,support
negative,0.9748031496062992,0.9369323915237134,0.9554926678672498,1982.0
neutral,0.9498175182481752,0.9568014705882353,0.9532967032967034,1088.0
positive,0.9432587194169704,0.978401727861771,0.9605088788762258,1852.0
accuracy,0.9569280780170663,0.9569280780170663,0.9569280780170663,0.9569280780170663
macro avg,0.9559597957571482,0.95737852999124,0.956432750013393,4922.0
weighted avg,0.9574109001897457,0.9569280780170663,0.956894702271124,4922.0
