,precision,recall,f1-score,support
negative,0.9203247557451493,0.9443659983055634,0.9321903965433131,7082.0
neutral,0.9678456591639871,0.9706954570947841,0.9692684634231711,7132.0
positive,0.9480104559976764,0.9204737732656514,0.9340392044641579,7092.0
accuracy,0.9452266967051535,0.9452266967051535,0.9452266967051535,0.9452266967051535
macro avg,0.9453936236356043,0.945178409555333,0.9451660214768807,21306.0
weighted avg,0.9454475413160718,0.9452266967051535,0.9452173616593265,21306.0
