,precision,recall,f1-score,support
negative,0.963477366255144,0.9551249362570118,0.9592829705505763,1961.0
neutral,0.917094017094017,0.9649280575539568,0.9404031551270815,1112.0
positive,0.9623893805309734,0.9410492157923201,0.9515996718621821,1849.0
accuracy,0.9520520113774888,0.9520520113774888,0.9520520113774888,0.9520520113774888
macro avg,0.9476535879600448,0.9537007365344295,0.9504285991799466,4922.0
weighted avg,0.9525895219091131,0.9520520113774888,0.9521312488874785,4922.0
