,precision,recall,f1-score,support
negative,0.940983606557377,0.9726066083027394,0.9565338147479516,7082.0
neutral,0.9835095137420719,0.9784071789119462,0.9809517115344063,7132.0
positive,0.9695254680017414,0.9420473773265652,0.9555889294142889,7092.0
accuracy,0.9643762320473106,0.9643762320473106,0.9643762320473106,0.9643762320473106
macro avg,0.9646728627670634,0.9643537215137502,0.9643581518988822,21306.0
weighted avg,0.9647193453823407,0.9643762320473106,0.9643929771010286,21306.0
