,precision,recall,f1-score,support
negative,0.9498337028824834,0.9702718006795017,0.9599439775910364,7064.0
neutral,0.9865194320952244,0.9695560253699789,0.977964174011942,7095.0
positive,0.9630462273429816,0.9590037778088708,0.9610207515423443,7147.0
accuracy,0.9662536374730123,0.9662536374730123,0.9662536374730123,0.9662536374730123
macro avg,0.9664664541068965,0.966277201286117,0.9663096343817742,21306.0
weighted avg,0.9664823070824073,0.9662536374730123,0.9663059881531466,21306.0
