,precision,recall,f1-score,support
negative,0.9500998003992016,0.9709331973482916,0.9604035308953341,1961.0
neutral,0.9822429906542056,0.9451438848920863,0.9633363886342805,1112.0
positive,0.9659090909090909,0.965386695511087,0.9656478225588315,1849.0
accuracy,0.963023161316538,0.963023161316538,0.963023161316538,0.963023161316538
macro avg,0.9660839606541661,0.960487925917155,0.9631292473628154,4922.0
weighted avg,0.9633006548722512,0.963023161316538,0.9630362072650039,4922.0
