,precision,recall,f1-score,support
negative,0.9587053571428571,0.9560378408458542,0.9573697408748955,7188.0
neutral,0.9839693573556533,0.9775898520084566,0.9807692307692307,7095.0
positive,0.9528847510227112,0.9618396696568418,0.9573412698412698,7023.0
accuracy,0.9651271942175913,0.9651271942175913,0.9651271942175913,0.9651271942175913
macro avg,0.9651864885070739,0.9651557875037176,0.965160080495132,21306.0
weighted avg,0.9651997702062197,0.9651271942175913,0.965152498254561,21306.0
