,precision,recall,f1-score,support
negative,0.92835941716136,0.9701113774143522,0.9487762840399863,7093.0
neutral,0.9850724845701163,0.9712708746108123,0.9781229957956247,7066.0
positive,0.967662768875415,0.9378760319014972,0.952536592297854,7147.0
accuracy,0.9596827184830564,0.9596827184830564,0.9596827184830564,0.9596827184830564
macro avg,0.9603648902022971,0.9597527613088873,0.9598119573778217,21306.0
weighted avg,0.9603520759903575,0.9596827184830564,0.9597703133455491,21306.0
