,precision,recall,f1-score,support
negative,0.9469342864998626,0.9750849377123443,0.96080345933882,7064.0
neutral,0.9866933753040492,0.9719520789288231,0.9792672536211303,7095.0
positive,0.969757205736192,0.955645725479222,0.9626497533474278,7147.0
accuracy,0.9675208861353609,0.9675208861353609,0.9675208861353609,0.9675208861353609
macro avg,0.9677949558467013,0.9675609140401299,0.967573488769126,21306.0
weighted avg,0.9678300970155741,0.9675208861353609,0.96757132208699,21306.0
