,precision,recall,f1-score,support
negative,0.9606043490539395,0.9591146200479346,0.9598589065255733,7093.0
neutral,0.9842677345537757,0.9739598075290121,0.979086641058472,7066.0
positive,0.9558904867256637,0.9672589897859242,0.9615411363794423,7147.0
accuracy,0.9667699239650802,0.9667699239650802,0.9667699239650802,0.9667699239650802
macro avg,0.966920856777793,0.9667778057876236,0.9668288946544958,21306.0
weighted avg,0.9668709175267478,0.9667699239650802,0.9667999592325602,21306.0
