,precision,recall,f1-score,support
negative,0.9511929107021132,0.9706455203116305,0.9608207670591475,7188.0
neutral,0.9877803335250144,0.9684284707540521,0.9780086826560386,7095.0
positive,0.9625089094796864,0.9614125017798661,0.9619603932184071,7023.0
accuracy,0.9668637942363654,0.9668637942363654,0.9668637942363654,0.9668637942363654
macro avg,0.9671607179022713,0.9668288309485162,0.9669299476445311,21306.0
weighted avg,0.9671067389356335,0.9668637942363654,0.9669200750323206,21306.0
