,precision,recall,f1-score,support
negative,0.9388753056234719,0.9687184661957619,0.9535634467345419,1982.0
neutral,0.9091695501730104,0.9659926470588235,0.9367201426024955,1088.0
positive,0.9872167344567112,0.9173866090712743,0.9510215505177723,1852.0
accuracy,0.9488013002844372,0.9488013002844372,0.9488013002844372,0.9488013002844372
macro avg,0.9450871967510645,0.9506992407752866,0.9471017132849365,4922.0
weighted avg,0.9504983174619637,0.9488013002844372,0.948883823270681,4922.0
