,precision,recall,f1-score,support
negative,0.91704005431093,0.9526093088857546,0.9344863369076444,7090.0
neutral,0.9722340274826463,0.9593234554095611,0.9657355941743475,7154.0
positive,0.9495786108689335,0.9253752478051543,0.9373207114170969,7062.0
accuracy,0.9458368534685065,0.9458368534685065,0.9458368534685065,0.9458368534685065
macro avg,0.9462842308875032,0.9457693373668233,0.9458475474996962,21306.0
weighted avg,0.9463578507289849,0.9458368534685065,0.9459184940122978,21306.0
