,precision,recall,f1-score,support
negative,0.9672466734902764,0.9637939826619072,0.9655172413793104,1961.0
neutral,0.9559352517985612,0.9559352517985612,0.9559352517985612,1112.0
positive,0.9493534482758621,0.952947539210384,0.9511470985155196,1849.0
accuracy,0.9579439252336449,0.9579439252336449,0.9579439252336449,0.9579439252336449
macro avg,0.9575117911882333,0.9575589245569508,0.9575331972311304,4922.0
weighted avg,0.9579693727298865,0.9579439252336449,0.957954143742386,4922.0
