,precision,recall,f1-score,support
negative,0.9806910569105691,0.9737638748738647,0.9772151898734177,1982.0
neutral,0.9642857142857143,0.9678308823529411,0.9660550458715595,1088.0
positive,0.9677765843179377,0.9730021598272138,0.970382337102854,1852.0
accuracy,0.9721657862657457,0.9721657862657457,0.9721657862657457,0.9721657862657457
macro avg,0.970917785171407,0.9715323056846733,0.9712175242826104,4922.0
weighted avg,0.9722053567851333,0.9721657862657457,0.9721772622007022,4922.0
