,precision,recall,f1-score,support
negative,0.9697125256673511,0.9632840387557369,0.9664875927347147,1961.0
neutral,0.9758588672237697,0.9451438848920863,0.9602558245774326,1112.0
positive,0.9462308908803374,0.9707950243374798,0.9583555792845702,1849.0
accuracy,0.9620073140999593,0.9620073140999593,0.9620073140999593,0.9620073140999593
macro avg,0.9639340945904861,0.9597409826617677,0.9616996655322391,4922.0
weighted avg,0.9622800163397505,0.9620073140999593,0.962024809504277,4922.0
