,precision,recall,f1-score,support
negative,0.9559939301972686,0.9667519181585678,0.9613428280773144,1955.0
neutral,0.9457777777777778,0.9637681159420289,0.9546882009869897,1104.0
positive,0.9642857142857143,0.9420289855072463,0.953027423296226,1863.0
accuracy,0.9567249085737505,0.9567249085737505,0.9567249085737505,0.9567249085737505
macro avg,0.9553524740869203,0.9575163398692809,0.9563528174535101,4922.0
weighted avg,0.956840935781514,0.9567249085737505,0.9567027818735586,4922.0
