,precision,recall,f1-score,support
negative,0.9255924170616113,0.9853683148335015,0.9545454545454546,1982.0
neutral,0.9272237196765498,0.9485294117647058,0.9377555656519764,1088.0
positive,0.9758681577398469,0.8952483801295896,0.9338214587440158,1852.0
accuracy,0.9433157253149126,0.9433157253149126,0.9433157253149126,0.9433157253149126
macro avg,0.9428947648260028,0.943048702242599,0.9420408263138156,4922.0
weighted avg,0.9448702571634288,0.9433157253149126,0.9430362632938558,4922.0
