,precision,recall,f1-score,support
negative,0.8874437218609305,0.8950554994954592,0.89123335845265,1982.0
neutral,0.838975297346752,0.8428308823529411,0.8408986703347088,1088.0
positive,0.7956284153005464,0.7861771058315334,0.7908745247148289,1852.0
accuracy,0.8425436814303129,0.8425436814303129,0.8425436814303129,0.8425436814303129
macro avg,0.8406824781694097,0.8413544958933112,0.8410021845007293,4922.0
weighted avg,0.8421825285205693,0.8425436814303129,0.8423449592745181,4922.0
