,precision,recall,f1-score,support
negative,0.9505418171714365,0.9685730464326161,0.9594727247230401,7064.0
neutral,0.9857122446063723,0.9723749119097956,0.978998155243366,7095.0
positive,0.9632859755239837,0.9581642647264587,0.9607182940516273,7147.0
accuracy,0.9663475077442973,0.9663475077442973,0.9663475077442973,0.9663475077442973
macro avg,0.9665133457672641,0.9663707410229567,0.9663963913393445,21306.0
weighted avg,0.9665287073618299,0.9663475077442973,0.9663926070816774,21306.0
