,precision,recall,f1-score,support
negative,0.9524934018613697,0.9667277597631467,0.959557794570389,7093.0
neutral,0.9872163171502442,0.9726861024624964,0.9798973481608212,7066.0
positive,0.9629111266620014,0.962641667832657,0.9627763783935068,7147.0
accuracy,0.9673331455927907,0.9673331455927907,0.9673331455927907,0.9673331455927907
macro avg,0.9675402818912051,0.9673518433527667,0.9674105070415724,21306.0
weighted avg,0.9675036148802987,0.9673331455927907,0.9673829379222061,21306.0
