,precision,recall,f1-score,support
negative,0.9594526102382159,0.9653238143804181,0.9623792577529232,1961.0
neutral,0.915126050420168,0.97931654676259,0.946133796698523,1112.0
positive,0.9795338260375214,0.9318550567874527,0.9550997782705101,1849.0
accuracy,0.9559122308004876,0.9559122308004876,0.9559122308004876,0.9559122308004876
macro avg,0.9513708288986352,0.9588318059768203,0.9545376109073187,4922.0
weighted avg,0.9569818734432639,0.9559122308004876,0.9559743999196288,4922.0
