,precision,recall,f1-score,support
negative,0.9552051353614289,0.9665348771533465,0.9608366086468276,7082.0
neutral,0.9868141216503615,0.975883342680875,0.9813182939725061,7132.0
positive,0.960773246789897,0.9600958826847151,0.9604344453064391,7092.0
accuracy,0.9675208861353609,0.9675208861353609,0.9675208861353609,0.9675208861353609
macro avg,0.9675975012672291,0.9675047008396455,0.9675297826419244,21306.0
weighted avg,0.9676393950283474,0.9675208861353609,0.9675588107182022,21306.0
