,precision,recall,f1-score,support
negative,0.9259971167707832,0.9826619071902091,0.9534883720930232,1961.0
neutral,0.9218884120171674,0.9658273381294964,0.9433465085638998,1112.0
positive,0.9755369928400954,0.8842617631151974,0.9276595744680851,1849.0
accuracy,0.9418935392117026,0.9418935392117026,0.9418935392117026,0.9418935392117026
macro avg,0.941140840542682,0.9442503361449676,0.9414981517083362,4922.0
weighted avg,0.9436790247687795,0.9418935392117026,0.9414942235654133,4922.0
