,precision,recall,f1-score,support
negative,0.9735396904643036,0.9838546922300706,0.9786700125470513,1982.0
neutral,0.9829222011385199,0.9522058823529411,0.9673202614379085,1088.0
positive,0.9742627345844505,0.9811015118790497,0.9776701641108421,1852.0
accuracy,0.9758228362454286,0.9758228362454286,0.9758228362454286,0.9758228362454286
macro avg,0.9769082087290913,0.9723873621540204,0.9745534793652673,4922.0
weighted avg,0.9758857386813007,0.9758228362454286,0.9757849559622065,4922.0
