,precision,recall,f1-score,support
negative,0.9741833508956796,0.9443309499489275,0.9590248962655602,1958.0
neutral,0.9269813000890472,0.9647822057460612,0.9455040871934605,1079.0
positive,0.9374013677012099,0.9453580901856764,0.9413629160063391,1885.0
accuracy,0.9492076391710687,0.9492076391710687,0.9492076391710687,0.9492076391710687
macro avg,0.9461886728953122,0.9514904152935552,0.94863063315512,4922.0
weighted avg,0.9497491674048361,0.9492076391710687,0.9492967805041974,4922.0
