,precision,recall,f1-score,support
negative,0.9370600974553329,0.9760327083039616,0.9561494371935639,7093.0
neutral,0.9860712234348076,0.971836965751486,0.9789023521026372,7066.0
positive,0.9715271786022434,0.9452917307961383,0.9582299127721439,7147.0
accuracy,0.964329296911668,0.964329296911668,0.964329296911668,0.964329296911668
macro avg,0.9648861664974612,0.9643871349505287,0.9644272340227816,21306.0
weighted avg,0.9648761513898084,0.964329296911668,0.9643931833546275,21306.0
