,precision,recall,f1-score,support
negative,0.944227401320221,0.9750973845297718,0.9594141400314832,7188.0
neutral,0.9883570504527813,0.9691331923890063,0.9786507258753202,7095.0
positive,0.9663586485706035,0.9530115335326783,0.9596386837766149,7023.0
accuracy,0.9658312212522294,0.9658312212522294,0.9658312212522294,0.9658312212522294
macro avg,0.966314366781202,0.9657473701504854,0.965901183227806,21306.0
weighted avg,0.9662178082494876,0.9658312212522294,0.9658940305451452,21306.0
