,precision,recall,f1-score,support
negative,0.9638242894056848,0.956900974858902,0.9603501544799177,1949.0
neutral,0.9072079536039768,0.9776785714285714,0.9411259131929522,1120.0
positive,0.9646067415730337,0.926605504587156,0.9452243325075694,1853.0
accuracy,0.9502234863876473,0.9502234863876473,0.9502234863876473,0.9502234863876473
macro avg,0.9452129948608984,0.9537283502915431,0.9489001333934798,4922.0
weighted avg,0.9512358269449341,0.9502234863876473,0.9502812194217781,4922.0
