,precision,recall,f1-score,support
negative,0.9669117647058824,0.9388067312595615,0.9526520051746442,1961.0
neutral,0.8780290791599353,0.9775179856115108,0.9251063829787235,1112.0
positive,0.9617977528089887,0.9259058950784208,0.9435106089831908,1849.0
accuracy,0.9427062169849655,0.9427062169849655,0.9427062169849655,0.9427062169849655
macro avg,0.9355795322249355,0.9474102039831643,0.9404229990455195,4922.0
weighted avg,0.9449098641929913,0.9427062169849655,0.9429947167878378,4922.0
