,precision,recall,f1-score,support
negative,0.9546812749003984,0.9672048435923309,0.9609022556390977,1982.0
neutral,0.9580952380952381,0.9246323529411765,0.9410664172123481,1088.0
positive,0.9484978540772532,0.9546436285097192,0.9515608180839612,1852.0
accuracy,0.9530678585940675,0.9530678585940675,0.9530678585940675,0.9530678585940675
macro avg,0.9537581223576299,0.9488269416810756,0.951176496978469,4922.0
weighted avg,0.9531092912741328,0.9530678585940675,0.9530026752733081,4922.0
