,precision,recall,f1-score,support
negative,0.9156708310700706,0.9545583238958097,0.9347102855558637,7064.0
neutral,0.9687057490795808,0.964200140944327,0.966447693720421,7095.0
positive,0.9553779069767442,0.9196865817825661,0.9371925572110928,7147.0
accuracy,0.9460715291467192,0.9460715291467192,0.9460715291467192,0.9460715291467192
macro avg,0.9465848290421319,0.9461483488742344,0.9461168454957924,21306.0
weighted avg,0.946651269199352,0.9460715291467192,0.9461116610579503,21306.0
