,precision,recall,f1-score,support
negative,0.9478949562317632,0.9657417893544734,0.9567351518126359,7064.0
neutral,0.9861309694023449,0.9720930232558139,0.9790616793242956,7095.0
positive,0.9595221363316936,0.9552259689380159,0.9573692329266583,7147.0
accuracy,0.964329296911668,0.964329296911668,0.964329296911668,0.964329296911668
macro avg,0.9645160206552673,0.9643535938494344,0.9643886880211966,21306.0
weighted avg,0.9645280159153959,0.964329296911668,0.9643826919617555,21306.0
