,precision,recall,f1-score,support
negative,0.9590734688077306,0.9554077010192525,0.9572370753847246,7064.0
neutral,0.9833475661827498,0.973784355179704,0.9785425961334182,7095.0
positive,0.9515394173684937,0.9643206939974814,0.9578874218207089,7147.0
accuracy,0.9645170374542382,0.9645170374542382,0.9645170374542382,0.9645170374542382
macro avg,0.964653484119658,0.9645042500654794,0.9645556977796171,21306.0
weighted avg,0.964629596435607,0.9645170374542382,0.9645500715214917,21306.0
