,precision,recall,f1-score,support
negative,0.944083044982699,0.9680669883621913,0.9559246023404105,7046.0
neutral,0.9850303629430871,0.9691538140892039,0.9770275949012466,7197.0
positive,0.9625714285714285,0.9539855585445278,0.9582592618929104,7063.0
accuracy,0.9637660752839575,0.9637660752839575,0.9637660752839575,0.9637660752839575
macro avg,0.9638949454990716,0.9637354536653077,0.9637371530448559,21306.0
weighted avg,0.9640436805148548,0.9637660752839575,0.9638269743426467,21306.0
