,precision,recall,f1-score,support
negative,0.9272289156626506,0.9841432225063939,0.9548387096774194,1955.0
neutral,0.9484902309058615,0.967391304347826,0.9578475336322869,1104.0
positive,0.9907030796048809,0.9151905528717122,0.9514508928571429,1863.0
accuracy,0.9542868752539618,0.9542868752539618,0.9542868752539618,0.9542868752539618
macro avg,0.9554740753911309,0.9555750265753108,0.9547123787222831,4922.0
weighted avg,0.9560230764616916,0.9542868752539618,0.9542312815811169,4922.0
