,precision,recall,f1-score,support
negative,0.9591321897073662,0.9708886618998979,0.9649746192893401,1958.0
neutral,0.8985629754860525,0.9851714550509731,0.9398762157382847,1079.0
positive,0.9783722253841776,0.9119363395225464,0.943986820428336,1885.0
accuracy,0.9514425030475416,0.9514425030475416,0.9514425030475416,0.9514425030475416
macro avg,0.9453557968591987,0.9559988188244725,0.9496125518186537,4922.0
weighted avg,0.9532226580344673,0.9514425030475416,0.9514347618564711,4922.0
