,precision,recall,f1-score,support
negative,0.953171143299114,0.9559943582510578,0.9545806633335681,7090.0
neutral,0.9883290634785084,0.9706457925636007,0.9794076163610719,7154.0
positive,0.947412470358488,0.9617672047578589,0.9545358723912586,7062.0
accuracy,0.9628273725711067,0.9628273725711067,0.9628273725711067,0.9628273725711067
macro avg,0.9629708923787034,0.9628024518575057,0.9628413840286328,21306.0
weighted avg,0.9630675111136585,0.9628273725711067,0.9629020614526037,21306.0
