,precision,recall,f1-score,support
negative,0.964781746031746,0.9813319878910192,0.9729864932466233,1982.0
neutral,0.9721189591078067,0.9613970588235294,0.966728280961183,1088.0
positive,0.980327868852459,0.968682505399568,0.9744703965236285,1852.0
accuracy,0.9721657862657457,0.9721657862657457,0.9721657862657457,0.9721657862657457
macro avg,0.972409524664004,0.9704705173713721,0.9713950569104783,4922.0
weighted avg,0.972253161572322,0.9721657862657457,0.9721614737225386,4922.0
