,precision,recall,f1-score,support
negative,0.9335958718087995,0.9732446206115515,0.9530080399223732,7064.0
neutral,0.9788404570461278,0.9780126849894292,0.9784263959390863,7095.0
positive,0.972566759083613,0.9325591157128865,0.9521428571428571,7147.0
accuracy,0.9611846428236177,0.9611846428236177,0.9611846428236177,0.9611846428236177
macro avg,0.9616676959795134,0.9612721404379556,0.9611924310014389,21306.0
weighted avg,0.961735140728913,0.9611846428236177,0.9611822525673266,21306.0
