,precision,recall,f1-score,support
negative,0.9526135808500245,0.9838546922300706,0.967982129560685,1982.0
neutral,0.9833984375,0.9255514705882353,0.9535984848484849,1088.0
positive,0.9697460831982712,0.9692224622030238,0.9694842019983797,1852.0
accuracy,0.9654611946363267,0.9654611946363267,0.9654611946363267,0.9654611946363267
macro avg,0.9685860338494319,0.9595428750071099,0.9636882721358498,4922.0
weighted avg,0.9658649661373317,0.9654611946363267,0.9653678330770883,4922.0
