,precision,recall,f1-score,support
negative,0.9411846496106785,0.9543211617087269,0.9477073853692685,7093.0
neutral,0.9851130833094761,0.9739598075290121,0.9795046968403074,7066.0
positive,0.9517396184062851,0.9492094585140618,0.9504728546409807,7147.0
accuracy,0.9591194968553459,0.9591194968553459,0.9591194968553459,0.9591194968553459
macro avg,0.95934578377548,0.959163475917267,0.9592283122835189,21306.0
weighted avg,0.9592938523938337,0.9591194968553459,0.9591804263783406,21306.0
