,precision,recall,f1-score,support
negative,0.866400228375678,0.8571025134142898,0.8617262918796139,7082.0
neutral,0.900713036459034,0.9387268648345485,0.9193271541366288,7132.0
positive,0.8830639289354886,0.8550479413423576,0.8688301454258901,7092.0
accuracy,0.8837416690134234,0.8837416690134234,0.8837416690134234,0.8837416690134234
macro avg,0.8833923979234002,0.8836257731970654,0.8832945304807108,21306.0
weighted avg,0.8834328910819895,0.8837416690134234,0.8833723014059078,21306.0
