,precision,recall,f1-score,support
negative,0.9286677454153183,0.9749433748584372,0.9512430939226519,7064.0
neutral,0.9876843763425461,0.9720930232558139,0.9798266799261259,7095.0
positive,0.9697408426234255,0.9371764376661537,0.9531805891561123,7147.0
accuracy,0.9613254482305453,0.9613254482305453,0.9613254482305453,0.9613254482305453
macro avg,0.9620309881270966,0.9614042785934682,0.9614167876682966,21306.0
weighted avg,0.9620983481645449,0.9613254482305453,0.9614114887939647,21306.0
