,precision,recall,f1-score,support
negative,0.9327324095250908,0.9789607455521039,0.9552876334826041,7082.0
neutral,0.9872304199772985,0.9756029164329781,0.9813822284908321,7132.0
positive,0.9758241758241758,0.9390862944162437,0.957102823884458,7092.0
accuracy,0.9645639725898808,0.9645639725898808,0.9645639725898808,0.9645639725898808
macro avg,0.9652623351088551,0.9645499854671087,0.9645908952859648,21306.0
weighted avg,0.9653188460752765,0.9645639725898808,0.9646267859245751,21306.0
