,precision,recall,f1-score,support
negative,0.9590702374936837,0.970843989769821,0.9649211997966447,1955.0
neutral,0.9816681943171403,0.970108695652174,0.9758542141230069,1104.0
positive,0.9708423326133909,0.9651100375738056,0.9679676985195155,1863.0
accuracy,0.9685087362860626,0.9685087362860626,0.9685087362860626,0.9685087362860626
macro avg,0.9705269214747383,0.9686875743319335,0.9695810374797224,4922.0
weighted avg,0.9685947311021986,0.9685087362860626,0.9685265786948593,4922.0
