,precision,recall,f1-score,support
negative,0.9803400637619554,0.942288049029622,0.9609375,1958.0
neutral,0.9763481551561022,0.9564411492122336,0.9662921348314607,1079.0
positive,0.9329299041855774,0.9814323607427056,0.9565667011375388,1885.0
accuracy,0.9603819585534336,0.9603819585534336,0.9603819585534336,0.9603819585534336
macro avg,0.9632060410345451,0.9600538529948537,0.9612654453229998,4922.0
weighted avg,0.9613080807901577,0.9603819585534336,0.9604374380592049,4922.0
