,precision,recall,f1-score,support
negative,0.921972103300649,0.9426715617057329,0.9322069398868951,7082.0
neutral,0.9667408850542722,0.9740605720695457,0.9703869255482609,7132.0
positive,0.9479575519697631,0.9194867456288776,0.933505117743898,7092.0
accuracy,0.9454613723833661,0.9454613723833661,0.9454613723833661,0.9454613723833661
macro avg,0.9455568467748948,0.9454062931347188,0.9453663277263513,21306.0
weighted avg,0.9456076873346394,0.9454613723833661,0.9454194779089887,21306.0
