,precision,recall,f1-score,support
negative,0.9374398460057748,0.9676412148736871,0.95230113834765,7046.0
neutral,0.9854724964739069,0.9708211754897874,0.9780919717225449,7197.0
positive,0.9618320610687023,0.9454905847373637,0.9535913180065686,7063.0
accuracy,0.9613723833661879,0.9613723833661879,0.9613723833661879,0.9613723833661879
macro avg,0.9615814678494613,0.961317658366946,0.9613281426922544,21306.0
weighted avg,0.9617509884261543,0.9613723833661879,0.9614407782016846,21306.0
