,precision,recall,f1-score,support
negative,0.9446060102478882,0.9620592383638928,0.9532527426455175,7090.0
neutral,0.9886540916182102,0.9744199049482807,0.981485392467441,7154.0
positive,0.9556440147853285,0.9518549985839706,0.9537457434733259,7062.0
accuracy,0.9628273725711067,0.9628273725711067,0.9628273725711067,0.9628273725711067
macro avg,0.962968038883809,0.9627780472987147,0.9628279595287615,21306.0
weighted avg,0.9630548210132447,0.9628273725711067,0.9628959393352773,21306.0
