,precision,recall,f1-score,support
negative,0.9817559863169898,0.8688193743693239,0.9218415417558886,1982.0
neutral,0.9466158245948523,0.9126838235294118,0.9293401965372017,1088.0
positive,0.8414346389806513,0.962742980561555,0.8980105766809369,1852.0
accuracy,0.9138561560341325,0.9138561560341325,0.9138561560341325,0.9138561560341325
macro avg,0.923268816630831,0.9147487261534302,0.9163974383246757,4922.0
weighted avg,0.9211896248337341,0.9138561560341325,0.9145322343774362,4922.0
