,precision,recall,f1-score,support
negative,0.9388949373979314,0.974159841852584,0.956202356202356,7082.0
neutral,0.9841941857183178,0.9778463264161525,0.9810099873399916,7132.0
positive,0.9717694994179278,0.9416243654822335,0.9564594672013749,7092.0
accuracy,0.9645639725898808,0.9645639725898808,0.9645639725898808,0.9645639725898808
macro avg,0.9649528741780591,0.9645435112503233,0.9645572702479074,21306.0
weighted avg,0.9650012282487157,0.9645639725898808,0.9645920800584838,21306.0
