,precision,recall,f1-score,support
negative,0.9430080622741173,0.9568406205923836,0.9498739848781854,7090.0
neutral,0.9889046941678521,0.9717640480849874,0.9802594472645234,7154.0
positive,0.9493081050550692,0.9519966015293118,0.9506504524886878,7062.0
accuracy,0.9602459401107669,0.9602459401107669,0.9602459401107669,0.9602459401107669
macro avg,0.9604069538323462,0.9602004234022276,0.9602612948771322,21306.0
weighted avg,0.9605071426593075,0.9602459401107669,0.960333996714158,21306.0
