,precision,recall,f1-score,support
negative,0.9633838383838383,0.9553422370617696,0.9593461860854987,7188.0
neutral,0.9838366652488303,0.9780126849894292,0.9809160305343512,7095.0
positive,0.9514385964912281,0.965257012672647,0.9582979926491376,7023.0
accuracy,0.9661597672017272,0.9661597672017272,0.9661597672017272,0.9661597672017272
macro avg,0.9662197000412989,0.9662039782412819,0.9661867364229958,21306.0
weighted avg,0.9662572718202092,0.9661597672017272,0.9661835363089589,21306.0
