,precision,recall,f1-score,support
negative,0.9576770305437611,0.9727323316638843,0.965145972806957,7188.0
neutral,0.9864324478720365,0.9735024665257224,0.9799248066964602,7095.0
positive,0.9672997286877053,0.964545066211021,0.9659204334806788,7023.0
accuracy,0.9702900591382709,0.9702900591382709,0.9702900591382709,0.9702900591382709
macro avg,0.9704697357011677,0.9702599548002092,0.9703304043280321,21306.0
weighted avg,0.9704246084565104,0.9702900591382709,0.9703226771980944,21306.0
