,precision,recall,f1-score,support
negative,0.9294625719769674,0.9877613462519123,0.957725587144623,1961.0
neutral,0.9625912408759124,0.9487410071942446,0.9556159420289855,1112.0
positive,0.9712973593570609,0.9150892374256355,0.9423558897243108,1849.0
accuracy,0.9516456724908574,0.9516456724908574,0.9516456724908574,0.9516456724908574
macro avg,0.954450390736647,0.9505305302905974,0.9518991396326397,4922.0
weighted avg,0.9526628161219125,0.9516456724908574,0.9514751816389858,4922.0
