,precision,recall,f1-score,support
negative,0.9345335515548282,0.8642785065590313,0.8980340760157275,1982.0
neutral,0.9241573033707865,0.9071691176470589,0.9155844155844156,1088.0
positive,0.8614547253834736,0.9400647948164147,0.8990446682158533,1852.0
accuracy,0.9022754977651362,0.9022754977651362,0.9022754977651362,0.9022754977651362
macro avg,0.9067151934363628,0.9038374730075015,0.9042210532719989,4922.0
weighted avg,0.9047425430026977,0.9022754977651362,0.902293805029414,4922.0
