,precision,recall,f1-score,support
negative,0.39780577001219014,1.0,0.5691860465116279,1958.0
neutral,0.0,0.0,0.0,1079.0
positive,0.0,0.0,0.0,1885.0
accuracy,0.39780577001219014,0.39780577001219014,0.39780577001219014,0.39780577001219014
macro avg,0.1326019233373967,0.3333333333333333,0.18972868217054262,4922.0
weighted avg,0.15824943065499153,0.39780577001219014,0.2264254935127524,4922.0
