,precision,recall,f1-score,support
negative,0.9652553101702068,0.9546466332776851,0.9599216618871093,7188.0
neutral,0.9825655563430191,0.9770260747004933,0.9797879858657244,7095.0
positive,0.9494539344721367,0.9655417912572974,0.9574302859159901,7023.0
accuracy,0.9656904158453018,0.9656904158453018,0.9656904158453018,0.9656904158453018
macro avg,0.9657582669951209,0.9657381664118253,0.9657133112229412,21306.0
weighted avg,0.9658111693210826,0.9656904158453018,0.965716021935129,21306.0
