,precision,recall,f1-score,support
negative,0.9469853042164538,0.9724964739069112,0.9595713589868484,7090.0
neutral,0.9855524079320114,0.9726027397260274,0.9790347544674265,7154.0
positive,0.9676956209619526,0.9544038516001133,0.9610037784273188,7062.0
accuracy,0.9665352482868675,0.9665352482868675,0.9665352482868675,0.9665352482868675
macro avg,0.9667444443701392,0.9665010217443507,0.966536630627198,21306.0
weighted avg,0.9667996906258133,0.9665352482868675,0.9665814442847297,21306.0
