,precision,recall,f1-score,support
negative,0.9377899045020464,0.970629765602937,0.9539272828198724,7082.0
neutral,0.9836642726376567,0.979388670779585,0.981521815499192,7132.0
positive,0.9696,0.939932318104907,0.9545356912722848,7092.0
accuracy,0.9633436590631747,0.9633436590631747,0.9633436590631747,0.9633436590631747
macro avg,0.9636847257132345,0.9633169181624764,0.9633282631971164,21306.0
weighted avg,0.9637343891924933,0.9633436590631747,0.9633668322338128,21306.0
