,precision,recall,f1-score,support
negative,0.9450322935275526,0.9699576868829337,0.9573327765017053,7090.0
neutral,0.9874679578467673,0.9692479731618675,0.978273137697517,7154.0
positive,0.962037962037962,0.9545454545454546,0.9582770630464141,7062.0
accuracy,0.9646109077255234,0.9646109077255234,0.9646109077255234,0.9646109077255234
macro avg,0.9648460711374273,0.9645837048634186,0.9646276590818789,21306.0
weighted avg,0.9649177142334653,0.9646109077255234,0.9646769938852391,21306.0
