,precision,recall,f1-score,support
negative,0.9493547939503261,0.9710474027817201,0.9600785799480811,7046.0
neutral,0.9842386715451731,0.9717938029734612,0.9779766482556108,7197.0
positive,0.9665379665379665,0.9569587993770352,0.96172453044963,7063.0
accuracy,0.9666291185581526,0.9666291185581526,0.9666291185581526,0.9666291185581526
macro avg,0.9667104773444887,0.9666000017107388,0.9665932528844406,21306.0
weighted avg,0.9668345656126098,0.9666291185581526,0.9666700446060051,21306.0
