,precision,recall,f1-score,support
negative,0.9668808699950568,0.9868819374369324,0.9767790262172286,1982.0
neutral,0.9828734538534729,0.9494485294117647,0.9658719027582983,1088.0
positive,0.9761904761904762,0.9740820734341252,0.9751351351351351,1852.0
accuracy,0.9737911418122714,0.9737911418122714,0.9737911418122714,0.9737911418122714
macro avg,0.9753149333463353,0.9701375134276075,0.9725953547035538,4922.0
weighted avg,0.9739189280836129,0.9737911418122714,0.9737494779426747,4922.0
