,precision,recall,f1-score,support
negative,0.9496076001652209,0.9763590033975085,0.9627975151811264,7064.0
neutral,0.9826210826210826,0.9722339675828048,0.9773999291533829,7095.0
positive,0.9735155916275096,0.9566251574087029,0.9649964714184898,7147.0
accuracy,0.9683657185769267,0.9683657185769267,0.9683657185769267,0.9683657185769267
macro avg,0.9685814248046043,0.9684060427963387,0.9683979719176664,21306.0
weighted avg,0.9686210739756648,0.9683657185769267,0.9683978187276201,21306.0
