,precision,recall,f1-score,support
negative,0.9463347164591978,0.9650211565585332,0.955586592178771,7090.0
neutral,0.9848699095022625,0.9735812133072407,0.9791930268522424,7154.0
positive,0.9605939463163906,0.9527046162560181,0.9566330157827385,7062.0
accuracy,0.9638130104196001,0.9638130104196001,0.9638130104196001,0.9638130104196001
macro avg,0.9639328574259501,0.9637689953739307,0.9638042116045838,21306.0
weighted avg,0.9640001371050994,0.9638130104196001,0.963859861546331,21306.0
