,precision,recall,f1-score,support
0,0.9661551699412018,0.9475386779184247,0.9567563729319037,7110.0
1,0.9744170096021948,0.9836599044519837,0.9790166419736072,14443.0
accuracy,0.9717440727508931,0.9717440727508931,0.9717440727508931,0.9717440727508931
macro avg,0.9702860897716983,0.9655992911852043,0.9678865074527554,21553.0
weighted avg,0.9716915569974688,0.9717440727508931,0.9716733249000438,21553.0
