,precision,recall,f1-score,support
0,0.8144257703081232,0.03913189771197847,0.07467574162064981,29720.0
1,0.06474749459618785,0.8818019625334522,0.12063705150109834,2242.0
accuracy,0.09824166197359364,0.09824166197359364,0.09824166197359364,0.09824166197359364
macro avg,0.43958663245215557,0.46046693012271533,0.09765639656087408,31962.0
weighted avg,0.7618389893136247,0.09824166197359364,0.07789973438555707,31962.0
